Pipeline,Amplicon / Dataset,Error simulation,Complexity,Throughput,Rank,Bank,CHAO1,Shannon,Inv Simpson,
BMP,200(V3),No,LC,25000,family,Greengenes,55,3.094335,7.486191,
BMP,200(V3),No,LC,25000,genus,Greengenes,74,3.258248,7.603076,
BMP,200(V3),No,LC,50000,family,Greengenes,55,3.097136,7.474412,
BMP,200(V3),No,LC,50000,genus,Greengenes,74,3.260176,7.58747,
BMP,200(V3),No,LC,100000,family,Greengenes,54,3.087297,7.42789,
BMP,200(V3),No,LC,100000,genus,Greengenes,73,3.259487,7.550049,
BMP,200(V3),No,MC,25000,family,Greengenes,54,1.989338,3.95183,
BMP,200(V3),No,MC,25000,genus,Greengenes,73,2.036169,3.954463,
BMP,200(V3),No,MC,50000,family,Greengenes,53,1.990907,3.950456,
BMP,200(V3),No,MC,50000,genus,Greengenes,72,2.041721,3.953435,
BMP,200(V3),No,MC,100000,family,Greengenes,52,1.973721,3.913606,
BMP,200(V3),No,MC,100000,genus,Greengenes,71,2.021314,3.916256,
BMP,200(V3),No,HC,25000,family,Greengenes,55,3.757265,33.672787,
BMP,200(V3),No,HC,25000,genus,Greengenes,74,4.002933,39.79075,
BMP,200(V3),No,HC,50000,family,Greengenes,54,3.725804,32.353505,
BMP,200(V3),No,HC,50000,genus,Greengenes,73,3.97105,37.964548,
BMP,200(V3),No,HC,100000,family,Greengenes,53,3.730243,32.848241,
BMP,200(V3),No,HC,100000,genus,Greengenes,72,3.973865,38.384505,
BMP,400(V4-V5),No,LC,25000,family,Greengenes,54,3.071188,7.527068,
BMP,400(V4-V5),No,LC,25000,genus,Greengenes,70,3.273927,8.142379,
BMP,400(V4-V5),No,LC,50000,family,Greengenes,53,3.068666,7.645736,
BMP,400(V4-V5),No,LC,50000,genus,Greengenes,68,3.280409,8.392697,
BMP,400(V4-V5),No,LC,100000,family,Greengenes,53,3.051399,7.438115,
BMP,400(V4-V5),No,LC,100000,genus,Greengenes,68,3.247246,8.082208,
BMP,400(V4-V5),No,MC,25000,family,Greengenes,54,1.996133,3.970153,
BMP,400(V4-V5),No,MC,25000,genus,Greengenes,69,2.265171,5.302269,
BMP,400(V4-V5),No,MC,50000,family,Greengenes,54,2.005916,4.00244,
BMP,400(V4-V5),No,MC,50000,genus,Greengenes,68,2.274055,5.34411,
BMP,400(V4-V5),No,MC,100000,family,Greengenes,53,1.996976,3.966854,
BMP,400(V4-V5),No,MC,100000,genus,Greengenes,68,2.271035,5.314317,
BMP,400(V4-V5),No,HC,25000,family,Greengenes,54,3.693372,29.505616,
BMP,400(V4-V5),No,HC,25000,genus,Greengenes,69,3.940045,35.784171,
BMP,400(V4-V5),No,HC,50000,family,Greengenes,53,3.675417,28.976498,
BMP,400(V4-V5),No,HC,50000,genus,Greengenes,67,3.907384,34.701491,
BMP,400(V4-V5),No,HC,100000,family,Greengenes,53,3.677098,28.923595,
BMP,400(V4-V5),No,HC,100000,genus,Greengenes,68,3.914386,34.64103,
BMP,200(V3),Yes,LC,25000,family,Greengenes,69,3.129551,7.539471,
BMP,200(V3),Yes,LC,25000,genus,Greengenes,107,3.635111,15.447386,
BMP,200(V3),Yes,LC,50000,family,Greengenes,67,3.139734,7.699853,
BMP,200(V3),Yes,LC,50000,genus,Greengenes,106,3.64789,16.112756,
BMP,200(V3),Yes,LC,100000,family,Greengenes,69,3.24222,9.167355,
BMP,200(V3),Yes,LC,100000,genus,Greengenes,108,3.708863,17.993709,
BMP,200(V3),Yes,MC,25000,family,Greengenes,62,2.058282,4.140366,
BMP,200(V3),Yes,MC,25000,genus,Greengenes,87,2.497996,6.643851,
BMP,200(V3),Yes,MC,50000,family,Greengenes,66,2.017637,3.997359,
BMP,200(V3),Yes,MC,50000,genus,Greengenes,94,2.443717,6.125449,
BMP,200(V3),Yes,MC,100000,family,Greengenes,62,2.011514,3.975617,
BMP,200(V3),Yes,MC,100000,genus,Greengenes,87,2.445923,6.258353,
BMP,200(V3),Yes,HC,25000,family,Greengenes,73,3.819731,34.710508,
BMP,200(V3),Yes,HC,25000,genus,Greengenes,108,4.142373,45.121387,
BMP,200(V3),Yes,HC,50000,family,Greengenes,73,3.806785,33.476982,
BMP,200(V3),Yes,HC,50000,genus,Greengenes,109,4.134304,43.474051,
BMP,200(V3),Yes,HC,100000,family,Greengenes,81,3.814276,33.863412,
BMP,200(V3),Yes,HC,100000,genus,Greengenes,126,4.168138,44.924307,
BMP,400(V4-V5),Yes,LC,25000,family,Greengenes,58,3.014094,6.685368,
BMP,400(V4-V5),Yes,LC,25000,genus,Greengenes,94,3.363661,8.573559,
BMP,400(V4-V5),Yes,LC,50000,family,Greengenes,60,3.058767,7.204212,
BMP,400(V4-V5),Yes,LC,50000,genus,Greengenes,97,3.459378,10.38656,
BMP,400(V4-V5),Yes,LC,100000,family,Greengenes,59,3.096342,7.563764,
BMP,400(V4-V5),Yes,LC,100000,genus,Greengenes,101,3.526606,11.469326,
BMP,400(V4-V5),Yes,MC,25000,family,Greengenes,58,1.864986,3.714911,
BMP,400(V4-V5),Yes,MC,25000,genus,Greengenes,90,2.254778,5.121285,
BMP,400(V4-V5),Yes,MC,50000,family,Greengenes,56,1.908838,3.82317,
BMP,400(V4-V5),Yes,MC,50000,genus,Greengenes,89,2.251804,4.727837,
BMP,400(V4-V5),Yes,MC,100000,family,Greengenes,57,1.95239,3.904544,
BMP,400(V4-V5),Yes,MC,100000,genus,Greengenes,96,2.361365,5.179679,
BMP,400(V4-V5),Yes,HC,25000,family,Greengenes,60,3.73908,31.945918,
BMP,400(V4-V5),Yes,HC,25000,genus,Greengenes,99,4.073328,42.313038,
BMP,400(V4-V5),Yes,HC,50000,family,Greengenes,63,3.721463,31.697307,
BMP,400(V4-V5),Yes,HC,50000,genus,Greengenes,97,4.023818,39.806014,
BMP,400(V4-V5),Yes,HC,100000,family,Greengenes,60,3.728059,32.149416,
BMP,400(V4-V5),Yes,HC,100000,genus,Greengenes,98,4.061869,41.633837,
BMP,real,,,,family,Greengenes,43,1.858123,4.448521,
BMP,real,,,,genus,Greengenes,73,2.494446,7.584237,
BMP,200(V3),No,LC,25000,family,SILVA,62,3.10295,7.38052,
BMP,200(V3),No,LC,25000,genus,SILVA,82,3.256778,7.478307,
BMP,200(V3),No,LC,50000,family,SILVA,62,3.103352,7.350668,
BMP,200(V3),No,LC,50000,genus,SILVA,81,3.479199,13.50626,
BMP,200(V3),No,LC,100000,family,SILVA,61,3.110275,7.359972,
BMP,200(V3),No,LC,100000,genus,SILVA,80,3.260988,7.448604,
BMP,200(V3),No,MC,25000,family,SILVA,62,1.997677,3.945922,
BMP,200(V3),No,MC,25000,genus,SILVA,83,2.324607,5.896909,
BMP,200(V3),No,MC,50000,family,SILVA,60,1.998226,3.949184,
BMP,200(V3),No,MC,50000,genus,SILVA,79,2.324309,5.933173,
BMP,200(V3),No,MC,100000,family,SILVA,61,1.985947,3.912321,
BMP,200(V3),No,MC,100000,genus,SILVA,81,2.314336,5.879668,
BMP,200(V3),No,HC,25000,family,SILVA,60,3.739794,28.813258,
BMP,200(V3),No,HC,25000,genus,SILVA,83,4.029069,34.915963,
BMP,200(V3),No,HC,50000,family,SILVA,63,3.780605,30.024257,
BMP,200(V3),No,HC,50000,genus,SILVA,82,4.040974,36.644418,
BMP,200(V3),No,HC,100000,family,SILVA,59,3.741299,29.331174,
BMP,200(V3),No,HC,100000,genus,SILVA,79,3.99839,35.099092,
BMP,400(V4-V5),No,LC,25000,family,SILVA,55,3.079803,7.526579,
BMP,400(V4-V5),No,LC,25000,genus,SILVA,76,3.52814,14.747096,
BMP,400(V4-V5),No,LC,50000,family,SILVA,55,3.089832,7.660582,
BMP,400(V4-V5),No,LC,50000,genus,SILVA,75,3.53689,15.128099,
BMP,400(V4-V5),No,LC,100000,family,SILVA,55,3.073314,7.452562,
BMP,400(V4-V5),No,LC,100000,genus,SILVA,76,3.521524,14.667034,
BMP,400(V4-V5),No,MC,25000,family,SILVA,56,2.002105,3.970469,
BMP,400(V4-V5),No,MC,25000,genus,SILVA,77,2.282293,5.303484,
BMP,400(V4-V5),No,MC,50000,family,SILVA,56,2.012511,4.002822,
BMP,400(V4-V5),No,MC,50000,genus,SILVA,76,2.481259,6.858375,
BMP,400(V4-V5),No,MC,100000,family,SILVA,55,1.995679,3.95378,
BMP,400(V4-V5),No,MC,100000,genus,SILVA,76,2.473025,6.84623,
BMP,400(V4-V5),No,HC,25000,family,SILVA,56,3.720575,29.831831,
BMP,400(V4-V5),No,HC,25000,genus,SILVA,75,4.007122,37.298684,
BMP,400(V4-V5),No,HC,50000,family,SILVA,55,3.710927,29.554289,
BMP,400(V4-V5),No,HC,50000,genus,SILVA,74,3.992122,36.646657,
BMP,400(V4-V5),No,HC,100000,family,SILVA,55,3.707434,29.354919,
BMP,400(V4-V5),No,HC,100000,genus,SILVA,75,4.000472,36.63293,
BMP,200(V3),Yes,LC,25000,family,SILVA,106,3.229634,8.091241,
BMP,200(V3),Yes,LC,25000,genus,SILVA,270,4.317894,32.138106,
BMP,200(V3),Yes,LC,50000,family,SILVA,125,3.319318,8.951252,
BMP,200(V3),Yes,LC,50000,genus,SILVA,358,4.422775,37.825487,
BMP,200(V3),Yes,LC,100000,family,SILVA,168,3.339448,9.01887,
BMP,200(V3),Yes,LC,100000,genus,SILVA,475,4.345638,25.365911,
BMP,200(V3),Yes,MC,25000,family,SILVA,78,2.067641,4.149862,
BMP,200(V3),Yes,MC,25000,genus,SILVA,145,2.720599,6.540174,
BMP,200(V3),Yes,MC,50000,family,SILVA,80,2.03203,4.032028,
BMP,200(V3),Yes,MC,50000,genus,SILVA,163,2.691172,6.303344,
BMP,200(V3),Yes,MC,100000,family,SILVA,94,2.071942,4.116141,
BMP,200(V3),Yes,MC,100000,genus,SILVA,189,2.748118,6.629947,
BMP,200(V3),Yes,HC,25000,family,SILVA,126,3.882363,31.29688,
BMP,200(V3),Yes,HC,25000,genus,SILVA,317,4.351389,38.101389,
BMP,200(V3),Yes,HC,50000,family,SILVA,152,3.871751,31.109101,
BMP,200(V3),Yes,HC,50000,genus,SILVA,430,4.445661,40.513447,
BMP,200(V3),Yes,HC,100000,family,SILVA,185,3.855356,30.725395,
BMP,200(V3),Yes,HC,100000,genus,SILVA,616,4.455563,39.361571,
BMP,400(V4-V5),Yes,LC,25000,family,SILVA,68,3.051284,6.692285,
BMP,400(V4-V5),Yes,LC,25000,genus,SILVA,216,4.059428,26.667584,
BMP,400(V4-V5),Yes,LC,50000,family,SILVA,66,3.096922,7.209301,
BMP,400(V4-V5),Yes,LC,50000,genus,SILVA,234,4.167954,30.206209,
BMP,400(V4-V5),Yes,LC,100000,family,SILVA,77,3.14117,7.584853,
BMP,400(V4-V5),Yes,LC,100000,genus,SILVA,312,4.238557,35.303351,
BMP,400(V4-V5),Yes,MC,25000,family,SILVA,61,1.868405,3.71343,
BMP,400(V4-V5),Yes,MC,25000,genus,SILVA,143,2.601791,6.549429,
BMP,400(V4-V5),Yes,MC,50000,family,SILVA,65,1.913691,3.812528,
BMP,400(V4-V5),Yes,MC,50000,genus,SILVA,178,2.675691,6.68013,
BMP,400(V4-V5),Yes,MC,100000,family,SILVA,69,1.959304,3.893131,
BMP,400(V4-V5),Yes,MC,100000,genus,SILVA,213,2.718537,6.886129,
BMP,400(V4-V5),Yes,HC,25000,family,SILVA,68,3.768715,32.000641,
BMP,400(V4-V5),Yes,HC,25000,genus,SILVA,184,4.244621,44.407667,
BMP,400(V4-V5),Yes,HC,50000,family,SILVA,75,3.791337,32.506408,
BMP,400(V4-V5),Yes,HC,50000,genus,SILVA,229,4.270652,44.196924,
BMP,400(V4-V5),Yes,HC,100000,family,SILVA,71,3.784486,32.775478,
BMP,400(V4-V5),Yes,HC,100000,genus,SILVA,275,4.270377,44.441715,
BMP,real,,,,family,SILVA,55,1.617445,3.243927,
BMP,real,,,,genus,SILVA,173,3.000333,11.265718,
kraken,200(V3),No,LC,25000,family,MiniKraken DB,45,2.836025,6.251693,
kraken,200(V3),No,LC,25000,genus,MiniKraken DB,55,3.750712,29.477161,
kraken,200(V3),No,LC,50000,family,MiniKraken DB,45,2.842124,6.271858,
kraken,200(V3),No,LC,50000,genus,MiniKraken DB,55,3.756012,29.862673,
kraken,200(V3),No,LC,100000,family,MiniKraken DB,45,2.834572,6.18075,
kraken,200(V3),No,LC,100000,genus,MiniKraken DB,55,3.767617,30.653211,
kraken,200(V3),No,MC,25000,family,MiniKraken DB,45,1.868798,3.772298,
kraken,200(V3),No,MC,25000,genus,MiniKraken DB,55,2.11292,3.753002,
kraken,200(V3),No,MC,50000,family,MiniKraken DB,45,1.873975,3.773269,
kraken,200(V3),No,MC,50000,genus,MiniKraken DB,55,2.121997,3.787676,
kraken,200(V3),No,MC,100000,family,MiniKraken DB,45,1.861581,3.7455,
kraken,200(V3),No,MC,100000,genus,MiniKraken DB,55,2.106147,3.748504,
kraken,200(V3),No,HC,25000,family,MiniKraken DB,45,3.514028,24.971747,
kraken,200(V3),No,HC,25000,genus,MiniKraken DB,55,3.766725,30.645696,
kraken,200(V3),No,HC,50000,family,MiniKraken DB,45,3.505044,24.526567,
kraken,200(V3),No,HC,50000,genus,MiniKraken DB,55,3.76668,30.575835,
kraken,200(V3),No,HC,100000,family,MiniKraken DB,45,3.510638,24.856416,
kraken,200(V3),No,HC,100000,genus,MiniKraken DB,55,3.768412,30.763886,
kraken,400(V4-V5),No,LC,25000,family,MiniKraken DB,50,2.99638,7.082648,
kraken,400(V4-V5),No,LC,25000,genus,MiniKraken DB,64,3.220586,7.903396,
kraken,400(V4-V5),No,LC,50000,family,MiniKraken DB,50,3.008007,7.254424,
kraken,400(V4-V5),No,LC,50000,genus,MiniKraken DB,64,3.235345,8.13853,
kraken,400(V4-V5),No,LC,100000,family,MiniKraken DB,50,2.993323,7.097894,
kraken,400(V4-V5),No,LC,100000,genus,MiniKraken DB,64,3.216203,7.908799,
kraken,400(V4-V5),No,MC,25000,family,MiniKraken DB,50,1.95422,3.901334,
kraken,400(V4-V5),No,MC,25000,genus,MiniKraken DB,64,2.290014,5.896681,
kraken,400(V4-V5),No,MC,50000,family,MiniKraken DB,50,1.967374,3.940106,
kraken,400(V4-V5),No,MC,50000,genus,MiniKraken DB,64,2.306142,5.94484,
kraken,400(V4-V5),No,MC,100000,family,MiniKraken DB,50,1.95849,3.900396,
kraken,400(V4-V5),No,MC,100000,genus,MiniKraken DB,64,2.30154,5.926934,
kraken,400(V4-V5),No,HC,25000,family,MiniKraken DB,50,3.634771,27.982881,
kraken,400(V4-V5),No,HC,25000,genus,MiniKraken DB,64,3.902509,34.490695,
kraken,400(V4-V5),No,HC,50000,family,MiniKraken DB,50,3.627189,27.636566,
kraken,400(V4-V5),No,HC,50000,genus,MiniKraken DB,64,3.897177,34.090981,
kraken,400(V4-V5),No,HC,100000,family,MiniKraken DB,50,3.627833,27.543329,
kraken,400(V4-V5),No,HC,100000,genus,MiniKraken DB,64,3.897,33.947767,
kraken,200(V3),Yes,LC,25000,family,MiniKraken DB,49,2.83794,6.505639,
kraken,200(V3),Yes,LC,25000,genus,MiniKraken DB,67,3.698166,26.797608,
kraken,200(V3),Yes,LC,50000,family,MiniKraken DB,53,2.841967,6.453502,
kraken,200(V3),Yes,LC,50000,genus,MiniKraken DB,70,3.701829,26.916353,
kraken,200(V3),Yes,LC,100000,family,MiniKraken DB,61,2.836179,6.375243,
kraken,200(V3),Yes,LC,100000,genus,MiniKraken DB,86,3.717947,27.706664,
kraken,200(V3),Yes,MC,25000,family,MiniKraken DB,46,1.873052,3.837135,
kraken,200(V3),Yes,MC,25000,genus,MiniKraken DB,59,2.104601,3.739264,
kraken,200(V3),Yes,MC,50000,family,MiniKraken DB,49,1.884582,3.852134,
kraken,200(V3),Yes,MC,50000,genus,MiniKraken DB,62,2.125171,3.801341,
kraken,200(V3),Yes,MC,100000,family,MiniKraken DB,51,1.869432,3.815452,
kraken,200(V3),Yes,MC,100000,genus,MiniKraken DB,68,2.109401,3.756584,
kraken,200(V3),Yes,HC,25000,family,MiniKraken DB,51,3.460876,23.517881,
kraken,200(V3),Yes,HC,25000,genus,MiniKraken DB,66,3.694846,27.359778,
kraken,200(V3),Yes,HC,50000,family,MiniKraken DB,54,3.459369,23.251622,
kraken,200(V3),Yes,HC,50000,genus,MiniKraken DB,73,3.699988,27.306312,
kraken,200(V3),Yes,HC,100000,family,MiniKraken DB,61,3.462112,23.413351,
kraken,200(V3),Yes,HC,100000,genus,MiniKraken DB,91,3.703801,27.43161,
kraken,400(V4-V5),Yes,LC,25000,family,MiniKraken DB,52,2.961774,6.721719,
kraken,400(V4-V5),Yes,LC,25000,genus,MiniKraken DB,73,3.245993,8.194371,
kraken,400(V4-V5),Yes,LC,50000,family,MiniKraken DB,54,2.979596,6.91774,
kraken,400(V4-V5),Yes,LC,50000,genus,MiniKraken DB,77,3.265804,8.480678,
kraken,400(V4-V5),Yes,LC,100000,family,MiniKraken DB,58,2.96526,6.768004,
kraken,400(V4-V5),Yes,LC,100000,genus,MiniKraken DB,86,3.251534,8.266918,
kraken,400(V4-V5),Yes,MC,25000,family,MiniKraken DB,51,1.92602,3.836897,
kraken,400(V4-V5),Yes,MC,25000,genus,MiniKraken DB,68,2.271475,5.823597,
kraken,400(V4-V5),Yes,MC,50000,family,MiniKraken DB,51,1.934916,3.865511,
kraken,400(V4-V5),Yes,MC,50000,genus,MiniKraken DB,70,2.284293,5.855511,
kraken,400(V4-V5),Yes,MC,100000,family,MiniKraken DB,54,1.926594,3.82812,
kraken,400(V4-V5),Yes,MC,100000,genus,MiniKraken DB,74,2.284098,5.851965,
kraken,400(V4-V5),Yes,HC,25000,family,MiniKraken DB,53,3.633027,27.756546,
kraken,400(V4-V5),Yes,HC,25000,genus,MiniKraken DB,75,3.906948,34.217351,
kraken,400(V4-V5),Yes,HC,50000,family,MiniKraken DB,55,3.627252,27.500782,
kraken,400(V4-V5),Yes,HC,50000,genus,MiniKraken DB,81,3.906661,33.999192,
kraken,400(V4-V5),Yes,HC,100000,family,MiniKraken DB,61,3.628148,27.336645,
kraken,400(V4-V5),Yes,HC,100000,genus,MiniKraken DB,96,3.904732,33.616295,
kraken,real,,,,family,MiniKraken DB,55,1.965298,5.038352,
kraken,real,,,,genus,MiniKraken DB,64,2.671021,10.861156,
mothur,200(V3),No,LC,25000,family,SILVA,46,2.927045,6.973283,
mothur,200(V3),No,LC,25000,genus,SILVA,56,3.057873,7.076323,
mothur,200(V3),No,LC,50000,family,SILVA,46,2.934979,7.011101,
mothur,200(V3),No,LC,50000,genus,SILVA,56,3.062117,7.108533,
mothur,200(V3),No,LC,100000,family,SILVA,46,2.915049,6.880615,
mothur,200(V3),No,LC,100000,genus,SILVA,56,3.043717,6.975948,
mothur,200(V3),No,MC,25000,family,SILVA,46,1.926185,3.888027,
mothur,200(V3),No,MC,25000,genus,SILVA,56,1.963786,3.890601,
mothur,200(V3),No,MC,50000,family,SILVA,46,1.939572,3.908505,
mothur,200(V3),No,MC,50000,genus,SILVA,57,1.982576,3.911737,
mothur,200(V3),No,MC,100000,family,SILVA,46,1.923107,3.868911,
mothur,200(V3),No,MC,100000,genus,SILVA,56,1.958805,3.871224,
mothur,200(V3),No,HC,25000,family,SILVA,46,3.535813,25.851371,
mothur,200(V3),No,HC,25000,genus,SILVA,56,3.72555,29.148877,
mothur,200(V3),No,HC,50000,family,SILVA,45,3.532838,27.013819,
mothur,200(V3),No,HC,50000,genus,SILVA,55,3.720847,30.517207,
mothur,200(V3),No,HC,100000,family,SILVA,46,3.533928,25.876833,
mothur,200(V3),No,HC,100000,genus,SILVA,57,3.749996,29.997517,
mothur,400(V4-V5),No,LC,25000,family,SILVA,43,2.796859,6.122415,
mothur,400(V4-V5),No,LC,25000,genus,SILVA,54,2.940334,6.207212,
mothur,400(V4-V5),No,LC,50000,family,SILVA,43,2.814224,6.293816,
mothur,400(V4-V5),No,LC,50000,genus,SILVA,54,2.959067,6.386226,
mothur,400(V4-V5),No,LC,100000,family,SILVA,43,2.800513,6.171646,
mothur,400(V4-V5),No,LC,100000,genus,SILVA,54,2.945012,6.259649,
mothur,400(V4-V5),No,MC,25000,family,SILVA,43,1.853439,3.74507,
mothur,400(V4-V5),No,MC,25000,genus,SILVA,54,1.89255,3.74742,
mothur,400(V4-V5),No,MC,50000,family,SILVA,43,1.863434,3.776346,
mothur,400(V4-V5),No,MC,50000,genus,SILVA,54,1.903367,3.778866,
mothur,400(V4-V5),No,MC,100000,family,SILVA,43,1.856183,3.741047,
mothur,400(V4-V5),No,MC,100000,genus,SILVA,54,1.895278,3.74341,
mothur,400(V4-V5),No,HC,25000,family,SILVA,43,3.459711,23.48964,
mothur,400(V4-V5),No,HC,25000,genus,SILVA,54,3.676634,26.691306,
mothur,400(V4-V5),No,HC,50000,family,SILVA,43,3.455877,23.337211,
mothur,400(V4-V5),No,HC,50000,genus,SILVA,54,3.670865,26.483542,
mothur,400(V4-V5),No,HC,100000,family,SILVA,43,3.45307,23.158184,
mothur,400(V4-V5),No,HC,100000,genus,SILVA,54,3.668314,26.240867,
mothur,200(V3),Yes,LC,25000,family,SILVA,52,2.984977,7.998165,
mothur,200(V3),Yes,LC,25000,genus,SILVA,76,3.153725,8.154582,
mothur,200(V3),Yes,LC,50000,family,SILVA,54,2.987359,7.853567,
mothur,200(V3),Yes,LC,50000,genus,SILVA,82,3.131358,7.973757,
mothur,200(V3),Yes,LC,100000,family,SILVA,56,2.969971,7.600341,
mothur,200(V3),Yes,LC,100000,genus,SILVA,85,3.134337,7.732189,
mothur,200(V3),Yes,MC,25000,family,SILVA,51,2.011661,4.122718,
mothur,200(V3),Yes,MC,25000,genus,SILVA,68,2.062512,4.131761,
mothur,200(V3),Yes,MC,50000,family,SILVA,52,2.012649,4.126901,
mothur,200(V3),Yes,MC,50000,genus,SILVA,76,2.069702,4.137149,
mothur,200(V3),Yes,MC,100000,family,SILVA,51,1.995861,4.085865,
mothur,200(V3),Yes,MC,100000,genus,SILVA,74,2.044628,4.093496,
mothur,200(V3),Yes,HC,25000,family,SILVA,56,3.475958,19.147892,
mothur,200(V3),Yes,HC,25000,genus,SILVA,85,3.691738,20.863395,
mothur,200(V3),Yes,HC,50000,family,SILVA,54,3.490757,19.755221,
mothur,200(V3),Yes,HC,50000,genus,SILVA,84,3.737008,21.889476,
mothur,200(V3),Yes,HC,100000,family,SILVA,56,3.483043,19.731943,
mothur,200(V3),Yes,HC,100000,genus,SILVA,93,3.712998,21.627636,
mothur,400(V4-V5),Yes,LC,25000,family,SILVA,54,3.027656,6.845025,
mothur,400(V4-V5),Yes,LC,25000,genus,SILVA,85,3.310891,7.713952,
mothur,400(V4-V5),Yes,LC,50000,family,SILVA,56,3.048099,7.081553,
mothur,400(V4-V5),Yes,LC,50000,genus,SILVA,88,3.327468,7.969059,
mothur,400(V4-V5),Yes,LC,100000,family,SILVA,56,3.030721,6.928537,
mothur,400(V4-V5),Yes,LC,100000,genus,SILVA,90,3.296149,7.711796,
mothur,400(V4-V5),Yes,MC,25000,family,SILVA,54,1.95481,3.892555,
mothur,400(V4-V5),Yes,MC,25000,genus,SILVA,80,2.05375,3.995193,
mothur,400(V4-V5),Yes,MC,50000,family,SILVA,54,1.968064,3.934548,
mothur,400(V4-V5),Yes,MC,50000,genus,SILVA,86,2.063172,4.022788,
mothur,400(V4-V5),Yes,MC,100000,family,SILVA,54,1.962877,3.906076,
mothur,400(V4-V5),Yes,MC,100000,genus,SILVA,85,2.057738,3.995765,
mothur,400(V4-V5),Yes,HC,25000,family,SILVA,55,3.720866,32.782308,
mothur,400(V4-V5),Yes,HC,25000,genus,SILVA,85,4.059675,45.401233,
mothur,400(V4-V5),Yes,HC,50000,family,SILVA,55,3.717469,32.55162,
mothur,400(V4-V5),Yes,HC,50000,genus,SILVA,89,4.072982,45.994589,
mothur,400(V4-V5),Yes,HC,100000,family,SILVA,56,3.716715,32.386405,
mothur,400(V4-V5),Yes,HC,100000,genus,SILVA,89,4.049698,44.514061,
mothur,real,,,,family,SILVA,31,1.704581,3.777989,
mothur,real,,,,genus,SILVA,65,2.363373,6.981149,
mothur,200(V3),No,LC,25000,family,Greengenes,53,3.080287,7.561423,
mothur,200(V3),No,LC,25000,genus,Greengenes,64,3.215041,7.678649,
mothur,200(V3),No,LC,50000,family,Greengenes,54,3.096689,7.582701,
mothur,200(V3),No,LC,50000,genus,Greengenes,64,3.211828,7.676426,
mothur,200(V3),No,LC,100000,family,Greengenes,52,3.069507,7.476966,
mothur,200(V3),No,LC,100000,genus,Greengenes,63,3.203489,7.587629,
mothur,200(V3),No,MC,25000,family,Greengenes,52,1.997783,3.986985,
mothur,200(V3),No,MC,25000,genus,Greengenes,62,2.032462,3.989325,
mothur,200(V3),No,MC,50000,family,Greengenes,51,1.99681,3.986005,
mothur,200(V3),No,MC,50000,genus,Greengenes,61,2.03214,3.988436,
mothur,200(V3),No,MC,100000,family,Greengenes,52,1.986552,3.949878,
mothur,200(V3),No,MC,100000,genus,Greengenes,62,2.020274,3.95205,
mothur,200(V3),No,HC,25000,family,Greengenes,54,3.74202,32.689247,
mothur,200(V3),No,HC,25000,genus,Greengenes,64,3.915156,37.090276,
mothur,200(V3),No,HC,50000,family,Greengenes,54,3.726374,31.753084,
mothur,200(V3),No,HC,50000,genus,Greengenes,64,3.902344,36.045649,
mothur,200(V3),No,HC,100000,family,Greengenes,54,3.737888,32.402382,
mothur,200(V3),No,HC,100000,genus,Greengenes,64,3.907393,36.529105,
mothur,400(V4-V5),No,LC,25000,family,Greengenes,48,2.926068,6.698235,
mothur,400(V4-V5),No,LC,25000,genus,Greengenes,59,3.063034,6.79073,
mothur,400(V4-V5),No,LC,50000,family,Greengenes,48,2.938184,6.854201,
mothur,400(V4-V5),No,LC,50000,genus,Greengenes,59,3.076788,6.954556,
mothur,400(V4-V5),No,LC,100000,family,Greengenes,48,2.928147,6.745373,
mothur,400(V4-V5),No,LC,100000,genus,Greengenes,59,3.066156,6.841264,
mothur,400(V4-V5),No,MC,25000,family,Greengenes,48,1.913101,3.833158,
mothur,400(V4-V5),No,MC,25000,genus,Greengenes,59,1.951758,3.835563,
mothur,400(V4-V5),No,MC,50000,family,Greengenes,48,1.923798,3.866178,
mothur,400(V4-V5),No,MC,50000,genus,Greengenes,59,1.963262,3.868758,
mothur,400(V4-V5),No,MC,100000,family,Greengenes,48,1.919737,3.836164,
mothur,400(V4-V5),No,MC,100000,genus,Greengenes,59,1.958341,3.838587,
mothur,400(V4-V5),No,HC,25000,family,Greengenes,48,3.574242,26.13091,
mothur,400(V4-V5),No,HC,25000,genus,Greengenes,59,3.777383,29.594066,
mothur,400(V4-V5),No,HC,50000,family,Greengenes,48,3.570804,25.938052,
mothur,400(V4-V5),No,HC,50000,genus,Greengenes,59,3.772457,29.347344,
mothur,400(V4-V5),No,HC,100000,family,Greengenes,48,3.569262,25.78952,
mothur,400(V4-V5),No,HC,100000,genus,Greengenes,59,3.770875,29.133388,
mothur,200(V3),Yes,LC,25000,family,Greengenes,62,3.189035,9.556678,
mothur,200(V3),Yes,LC,25000,genus,Greengenes,91,3.361177,9.751126,
mothur,200(V3),Yes,LC,50000,family,Greengenes,61,3.172135,9.430359,
mothur,200(V3),Yes,LC,50000,genus,Greengenes,90,3.338091,9.608808,
mothur,200(V3),Yes,LC,100000,family,Greengenes,63,3.1535,9.092244,
mothur,200(V3),Yes,LC,100000,genus,Greengenes,94,3.328419,9.268186,
mothur,200(V3),Yes,MC,25000,family,Greengenes,57,2.101547,4.322856,
mothur,200(V3),Yes,MC,25000,genus,Greengenes,79,2.15656,4.326793,
mothur,200(V3),Yes,MC,50000,family,Greengenes,59,2.099999,4.300128,
mothur,200(V3),Yes,MC,50000,genus,Greengenes,82,2.157054,4.305361,
mothur,200(V3),Yes,MC,100000,family,Greengenes,59,2.085668,4.272785,
mothur,200(V3),Yes,MC,100000,genus,Greengenes,87,2.136989,4.276807,
mothur,200(V3),Yes,HC,25000,family,Greengenes,62,3.622992,25.28116,
mothur,200(V3),Yes,HC,25000,genus,Greengenes,91,3.857194,28.072997,
mothur,200(V3),Yes,HC,50000,family,Greengenes,62,3.638974,26.224405,
mothur,200(V3),Yes,HC,50000,genus,Greengenes,92,3.885047,29.363606,
mothur,200(V3),Yes,HC,100000,family,Greengenes,64,3.651669,26.954209,
mothur,200(V3),Yes,HC,100000,genus,Greengenes,97,3.896853,30.312206,
mothur,400(V4-V5),Yes,LC,25000,family,Greengenes,63,3.108241,7.375215,
mothur,400(V4-V5),Yes,LC,25000,genus,Greengenes,94,3.556485,14.165975,
mothur,400(V4-V5),Yes,LC,50000,family,Greengenes,63,3.121283,7.580338,
mothur,400(V4-V5),Yes,LC,50000,genus,Greengenes,96,3.565804,14.531986,
mothur,400(V4-V5),Yes,LC,100000,family,Greengenes,63,3.108535,7.448302,
mothur,400(V4-V5),Yes,LC,100000,genus,Greengenes,97,3.552525,14.211669,
mothur,400(V4-V5),Yes,MC,25000,family,Greengenes,60,1.999602,3.982182,
mothur,400(V4-V5),Yes,MC,25000,genus,Greengenes,89,2.321288,5.28751,
mothur,400(V4-V5),Yes,MC,50000,family,Greengenes,61,2.015425,4.023988,
mothur,400(V4-V5),Yes,MC,50000,genus,Greengenes,92,2.329101,5.277679,
mothur,400(V4-V5),Yes,MC,100000,family,Greengenes,62,2.01224,4.00148,
mothur,400(V4-V5),Yes,MC,100000,genus,Greengenes,96,2.327631,5.259657,
mothur,400(V4-V5),Yes,HC,25000,family,Greengenes,62,3.761473,31.673175,
mothur,400(V4-V5),Yes,HC,25000,genus,Greengenes,95,4.08581,40.646587,
mothur,400(V4-V5),Yes,HC,50000,family,Greengenes,63,3.762352,31.686857,
mothur,400(V4-V5),Yes,HC,50000,genus,Greengenes,95,4.082472,40.55114,
mothur,400(V4-V5),Yes,HC,100000,family,Greengenes,63,3.762125,31.472219,
mothur,400(V4-V5),Yes,HC,100000,genus,Greengenes,98,4.087233,40.489508,
mothur,real,,,,family,Greengenes,39,1.738583,3.810317,
mothur,real,,,,genus,Greengenes,78,2.141502,4.541732,
One Codex,200(V3),No,LC,25000,family,RefSeq 65,47,2.903994,6.671252,
One Codex,200(V3),No,LC,25000,genus,RefSeq 65,59,3.792766,29.476812,
One Codex,200(V3),No,LC,50000,family,RefSeq 65,47,2.907759,6.683346,
One Codex,200(V3),No,LC,50000,genus,RefSeq 65,59,3.793905,29.489265,
One Codex,200(V3),No,LC,100000,family,RefSeq 65,47,2.901452,6.587069,
One Codex,200(V3),No,LC,100000,genus,RefSeq 65,59,3.808171,30.521662,
One Codex,200(V3),No,MC,25000,family,RefSeq 65,47,1.914058,3.854418,
One Codex,200(V3),No,MC,25000,genus,RefSeq 65,59,2.208109,3.972729,
One Codex,200(V3),No,MC,50000,family,RefSeq 65,47,1.914282,3.846535,
One Codex,200(V3),No,MC,50000,genus,RefSeq 65,59,2.21298,3.996341,
One Codex,200(V3),No,MC,100000,family,RefSeq 65,47,1.903273,3.820326,
One Codex,200(V3),No,MC,100000,genus,RefSeq 65,59,2.197406,3.955583,
One Codex,200(V3),No,HC,25000,family,RefSeq 65,47,3.557385,25.758925,
One Codex,200(V3),No,HC,25000,genus,RefSeq 65,59,3.809671,30.681098,
One Codex,200(V3),No,HC,50000,family,RefSeq 65,47,3.547711,25.252599,
One Codex,200(V3),No,HC,50000,genus,RefSeq 65,59,3.804743,30.24542,
One Codex,200(V3),No,HC,100000,family,RefSeq 65,47,3.553317,25.579847,
One Codex,200(V3),No,HC,100000,genus,RefSeq 65,59,3.809357,30.635807,
One Codex,400(V4-V5),No,LC,25000,family,RefSeq 65,50,2.996367,7.08295,
One Codex,400(V4-V5),No,LC,25000,genus,RefSeq 65,65,3.249084,8.11382,
One Codex,400(V4-V5),No,LC,50000,family,RefSeq 65,50,3.007967,7.253961,
One Codex,400(V4-V5),No,LC,50000,genus,RefSeq 65,65,3.263901,8.359811,
One Codex,400(V4-V5),No,LC,100000,family,RefSeq 65,50,2.993343,7.098034,
One Codex,400(V4-V5),No,LC,100000,genus,RefSeq 65,65,3.244937,8.123589,
One Codex,400(V4-V5),No,MC,25000,family,RefSeq 65,50,1.954176,3.901139,
One Codex,400(V4-V5),No,MC,25000,genus,RefSeq 65,65,2.304858,5.936361,
One Codex,400(V4-V5),No,MC,50000,family,RefSeq 65,50,1.967464,3.940264,
One Codex,400(V4-V5),No,MC,50000,genus,RefSeq 65,65,2.322264,5.989626,
One Codex,400(V4-V5),No,MC,100000,family,RefSeq 65,50,1.95848,3.900348,
One Codex,400(V4-V5),No,MC,100000,genus,RefSeq 65,65,2.318038,5.972976,
One Codex,400(V4-V5),No,HC,25000,family,RefSeq 65,50,3.634736,27.981318,
One Codex,400(V4-V5),No,HC,25000,genus,RefSeq 65,65,3.921835,35.396915,
One Codex,400(V4-V5),No,HC,50000,family,RefSeq 65,50,3.627162,27.634536,
One Codex,400(V4-V5),No,HC,50000,genus,RefSeq 65,65,3.916518,34.954098,
One Codex,400(V4-V5),No,HC,100000,family,RefSeq 65,50,3.627828,27.543241,
One Codex,400(V4-V5),No,HC,100000,genus,RefSeq 65,65,3.91785,34.891273,
One Codex,200(V3),Yes,LC,25000,family,RefSeq 65,53,2.966414,7.287306,
One Codex,200(V3),Yes,LC,25000,genus,RefSeq 65,74,3.836606,30.437065,
One Codex,200(V3),Yes,LC,50000,family,RefSeq 65,61,2.974472,7.314292,
One Codex,200(V3),Yes,LC,50000,genus,RefSeq 65,81,3.842295,30.58138,
One Codex,200(V3),Yes,LC,100000,family,RefSeq 65,68,2.970457,7.214745,
One Codex,200(V3),Yes,LC,100000,genus,RefSeq 65,98,3.859235,31.607802,
One Codex,200(V3),Yes,MC,25000,family,RefSeq 65,50,1.949356,3.980353,
One Codex,200(V3),Yes,MC,25000,genus,RefSeq 65,69,2.227368,3.974358,
One Codex,200(V3),Yes,MC,50000,family,RefSeq 65,55,1.952457,3.979133,
One Codex,200(V3),Yes,MC,50000,genus,RefSeq 65,73,2.234966,4.00967,
One Codex,200(V3),Yes,MC,100000,family,RefSeq 65,56,1.939196,3.94658,
One Codex,200(V3),Yes,MC,100000,genus,RefSeq 65,77,2.217673,3.964729,
One Codex,200(V3),Yes,HC,25000,family,RefSeq 65,56,3.570152,26.023985,
One Codex,200(V3),Yes,HC,25000,genus,RefSeq 65,75,3.844587,31.537228,
One Codex,200(V3),Yes,HC,50000,family,RefSeq 65,59,3.560523,25.505538,
One Codex,200(V3),Yes,HC,50000,genus,RefSeq 65,82,3.841683,31.196528,
One Codex,200(V3),Yes,HC,100000,family,RefSeq 65,67,3.569232,25.858355,
One Codex,200(V3),Yes,HC,100000,genus,RefSeq 65,100,3.847227,31.493064,
One Codex,400(V4-V5),Yes,LC,25000,family,RefSeq 65,50,2.99032,7.066387,
One Codex,400(V4-V5),Yes,LC,25000,genus,RefSeq 65,73,3.266116,8.132305,
One Codex,400(V4-V5),Yes,LC,50000,family,RefSeq 65,51,3.00352,7.242267,
One Codex,400(V4-V5),Yes,LC,50000,genus,RefSeq 65,78,3.283403,8.38363,
One Codex,400(V4-V5),Yes,LC,100000,family,RefSeq 65,54,2.989092,7.087793,
One Codex,400(V4-V5),Yes,LC,100000,genus,RefSeq 65,89,3.266261,8.154772,
One Codex,400(V4-V5),Yes,MC,25000,family,RefSeq 65,50,1.951572,3.898471,
One Codex,400(V4-V5),Yes,MC,25000,genus,RefSeq 65,71,2.311047,5.94266,
One Codex,400(V4-V5),Yes,MC,50000,family,RefSeq 65,50,1.965626,3.939303,
One Codex,400(V4-V5),Yes,MC,50000,genus,RefSeq 65,71,2.326927,5.99153,
One Codex,400(V4-V5),Yes,MC,100000,family,RefSeq 65,51,1.956823,3.899457,
One Codex,400(V4-V5),Yes,MC,100000,genus,RefSeq 65,73,2.322109,5.972336,
One Codex,400(V4-V5),Yes,HC,25000,family,RefSeq 65,51,3.629432,27.80178,
One Codex,400(V4-V5),Yes,HC,25000,genus,RefSeq 65,74,3.947042,35.559027,
One Codex,400(V4-V5),Yes,HC,50000,family,RefSeq 65,51,3.620519,27.414898,
One Codex,400(V4-V5),Yes,HC,50000,genus,RefSeq 65,78,3.940017,35.054279,
One Codex,400(V4-V5),Yes,HC,100000,family,RefSeq 65,52,3.621315,27.328323,
One Codex,400(V4-V5),Yes,HC,100000,genus,RefSeq 65,89,3.944024,35.001407,
One Codex,200(V3),No,LC,25000,family,One Codex 28k,45,2.793862,5.923686,
One Codex,200(V3),No,LC,25000,genus,One Codex 28k,54,3.683997,25.878222,
One Codex,200(V3),No,LC,50000,family,One Codex 28k,45,2.790141,5.899035,
One Codex,200(V3),No,LC,50000,genus,One Codex 28k,54,3.68172,25.745996,
One Codex,200(V3),No,LC,100000,family,One Codex 28k,45,2.789407,5.846458,
One Codex,200(V3),No,LC,100000,genus,One Codex 28k,54,3.697433,26.741469,
One Codex,200(V3),No,MC,25000,family,One Codex 28k,45,1.84143,3.718591,
One Codex,200(V3),No,MC,25000,genus,One Codex 28k,54,2.085451,3.734413,
One Codex,200(V3),No,MC,50000,family,One Codex 28k,45,1.842261,3.710367,
One Codex,200(V3),No,MC,50000,genus,One Codex 28k,54,2.089438,3.754555,
One Codex,200(V3),No,MC,100000,family,One Codex 28k,45,1.830709,3.68568,
One Codex,200(V3),No,MC,100000,genus,One Codex 28k,54,2.075745,3.718468,
One Codex,200(V3),No,HC,25000,family,One Codex 28k,45,3.496351,23.712664,
One Codex,200(V3),No,HC,25000,genus,One Codex 28k,54,3.696708,26.812412,
One Codex,200(V3),No,HC,50000,family,One Codex 28k,45,3.484443,23.143444,
One Codex,200(V3),No,HC,50000,genus,One Codex 28k,54,3.692209,26.422788,
One Codex,200(V3),No,HC,100000,family,One Codex 28k,45,3.492255,23.507372,
One Codex,200(V3),No,HC,100000,genus,One Codex 28k,54,3.698266,26.804257,
One Codex,400(V4-V5),No,LC,25000,family,One Codex 28k,49,2.887758,6.13778,
One Codex,400(V4-V5),No,LC,25000,genus,One Codex 28k,61,3.098566,6.82251,
One Codex,400(V4-V5),No,LC,50000,family,One Codex 28k,49,2.903984,6.305079,
One Codex,400(V4-V5),No,LC,50000,genus,One Codex 28k,61,3.118501,7.055667,
One Codex,400(V4-V5),No,LC,100000,family,One Codex 28k,49,2.889222,6.169047,
One Codex,400(V4-V5),No,LC,100000,genus,One Codex 28k,61,3.099079,6.856688,
One Codex,400(V4-V5),No,MC,25000,family,One Codex 28k,49,1.873727,3.731946,
One Codex,400(V4-V5),No,MC,25000,genus,One Codex 28k,61,2.207744,5.636427,
One Codex,400(V4-V5),No,MC,50000,family,One Codex 28k,49,1.888342,3.770122,
One Codex,400(V4-V5),No,MC,50000,genus,One Codex 28k,61,2.225381,5.687446,
One Codex,400(V4-V5),No,MC,100000,family,One Codex 28k,49,1.87613,3.728497,
One Codex,400(V4-V5),No,MC,100000,genus,One Codex 28k,61,2.218664,5.668202,
One Codex,400(V4-V5),No,HC,25000,family,One Codex 28k,49,3.605605,26.60717,
One Codex,400(V4-V5),No,HC,25000,genus,One Codex 28k,61,3.859466,32.754243,
One Codex,400(V4-V5),No,HC,50000,family,One Codex 28k,49,3.604494,26.519993,
One Codex,400(V4-V5),No,HC,50000,genus,One Codex 28k,61,3.860187,32.689275,
One Codex,400(V4-V5),No,HC,100000,family,One Codex 28k,49,3.600656,26.181243,
One Codex,400(V4-V5),No,HC,100000,genus,One Codex 28k,61,3.855964,32.197569,
One Codex,200(V3),Yes,LC,25000,family,One Codex 28k,65,3.24873,13.253579,
One Codex,200(V3),Yes,LC,25000,genus,One Codex 28k,96,3.497034,13.720546,
One Codex,200(V3),Yes,LC,50000,family,One Codex 28k,72,3.261279,13.362762,
One Codex,200(V3),Yes,LC,50000,genus,One Codex 28k,118,3.510869,13.798978,
One Codex,200(V3),Yes,LC,100000,family,One Codex 28k,84,3.260454,13.225427,
One Codex,200(V3),Yes,LC,100000,genus,One Codex 28k,140,3.511245,13.616743,
One Codex,200(V3),Yes,MC,25000,family,One Codex 28k,56,2.238432,5.851423,
One Codex,200(V3),Yes,MC,25000,genus,One Codex 28k,74,2.210451,4.933363,
One Codex,200(V3),Yes,MC,50000,family,One Codex 28k,58,2.247219,5.889685,
One Codex,200(V3),Yes,MC,50000,genus,One Codex 28k,81,2.219977,4.957558,
One Codex,200(V3),Yes,MC,100000,family,One Codex 28k,66,2.237276,5.844808,
One Codex,200(V3),Yes,MC,100000,genus,One Codex 28k,102,2.215203,4.929725,
One Codex,200(V3),Yes,HC,25000,family,One Codex 28k,72,3.665273,28.057836,
One Codex,200(V3),Yes,HC,25000,genus,One Codex 28k,106,3.877786,31.199894,
One Codex,200(V3),Yes,HC,50000,family,One Codex 28k,76,3.653063,27.751392,
One Codex,200(V3),Yes,HC,50000,genus,One Codex 28k,119,3.872278,30.88493,
One Codex,200(V3),Yes,HC,100000,family,One Codex 28k,87,3.660412,27.977515,
One Codex,200(V3),Yes,HC,100000,genus,One Codex 28k,149,3.883673,31.323318,
One Codex,400(V4-V5),Yes,LC,25000,family,One Codex 28k,68,2.976257,6.784655,
One Codex,400(V4-V5),Yes,LC,25000,genus,One Codex 28k,98,3.210688,7.629726,
One Codex,400(V4-V5),Yes,LC,50000,family,One Codex 28k,71,2.992241,6.959228,
One Codex,400(V4-V5),Yes,LC,50000,genus,One Codex 28k,114,3.235398,7.87653,
One Codex,400(V4-V5),Yes,LC,100000,family,One Codex 28k,82,2.98059,6.826724,
One Codex,400(V4-V5),Yes,LC,100000,genus,One Codex 28k,143,3.223617,7.682666,
One Codex,400(V4-V5),Yes,MC,25000,family,One Codex 28k,56,1.928694,3.847599,
One Codex,400(V4-V5),Yes,MC,25000,genus,One Codex 28k,79,2.272435,5.832593,
One Codex,400(V4-V5),Yes,MC,50000,family,One Codex 28k,57,1.945065,3.88768,
One Codex,400(V4-V5),Yes,MC,50000,genus,One Codex 28k,83,2.292273,5.884774,
One Codex,400(V4-V5),Yes,MC,100000,family,One Codex 28k,69,1.940254,3.854231,
One Codex,400(V4-V5),Yes,MC,100000,genus,One Codex 28k,103,2.294492,5.881546,
One Codex,400(V4-V5),Yes,HC,25000,family,One Codex 28k,67,3.639363,27.213542,
One Codex,400(V4-V5),Yes,HC,25000,genus,One Codex 28k,98,3.916231,32.975842,
One Codex,400(V4-V5),Yes,HC,50000,family,One Codex 28k,79,3.638802,26.967341,
One Codex,400(V4-V5),Yes,HC,50000,genus,One Codex 28k,126,3.922634,32.670818,
One Codex,400(V4-V5),Yes,HC,100000,family,One Codex 28k,93,3.640899,26.810844,
One Codex,400(V4-V5),Yes,HC,100000,genus,One Codex 28k,165,3.928979,32.530228,
One Codex,real,,,,family,RefSeq 65,81,2.341891,6.567783,
One Codex,real,,,,genus,RefSeq 65,118,2.871518,12.286881,
One Codex,real,,,,family,One Codex 28k,97,2.387153,7.344629,
One Codex,real,,,,genus,One Codex 28k,162,2.996692,13.202453,
One Codex,200(V3),No,LC,25000,family,SILVA,36,3.424088,26.403207,
One Codex,200(V3),No,LC,25000,genus,SILVA,38,3.493655,28.132335,
One Codex,200(V3),No,LC,50000,family,SILVA,36,3.421171,26.303575,
One Codex,200(V3),No,LC,50000,genus,SILVA,38,3.488646,27.922825,
One Codex,200(V3),No,LC,100000,family,SILVA,36,3.426648,26.604198,
One Codex,200(V3),No,LC,100000,genus,SILVA,38,3.495319,28.335736,
One Codex,200(V3),No,MC,25000,family,SILVA,36,1.617846,2.913958,
One Codex,200(V3),No,MC,25000,genus,SILVA,38,1.616203,2.889857,
One Codex,200(V3),No,MC,50000,family,SILVA,36,1.59158,2.872496,
One Codex,200(V3),No,MC,50000,genus,SILVA,38,1.585717,2.845094,
One Codex,200(V3),No,MC,100000,family,SILVA,36,1.589893,2.872485,
One Codex,200(V3),No,MC,100000,genus,SILVA,38,1.583241,2.842652,
One Codex,200(V3),No,HC,25000,family,SILVA,36,3.433806,26.948987,
One Codex,200(V3),No,HC,25000,genus,SILVA,38,3.497679,28.470618,
One Codex,200(V3),No,HC,50000,family,SILVA,36,3.422567,26.297591,
One Codex,200(V3),No,HC,50000,genus,SILVA,38,3.494067,28.149261,
One Codex,200(V3),No,HC,100000,family,SILVA,36,3.423267,26.334269,
One Codex,200(V3),No,HC,100000,genus,SILVA,38,3.494712,28.170605,
One Codex,400(V4-V5),No,LC,25000,family,SILVA,35,2.243024,3.302154,
One Codex,400(V4-V5),No,LC,25000,genus,SILVA,38,3.492947,29.561163,
One Codex,400(V4-V5),No,LC,50000,family,SILVA,35,2.254125,3.351916,
One Codex,400(V4-V5),No,LC,50000,genus,SILVA,38,3.487902,29.081558,
One Codex,400(V4-V5),No,LC,100000,family,SILVA,35,2.237541,3.286414,
One Codex,400(V4-V5),No,LC,100000,genus,SILVA,38,3.496539,29.441502,
One Codex,400(V4-V5),No,MC,25000,family,SILVA,35,1.52803,3.174785,
One Codex,400(V4-V5),No,MC,25000,genus,SILVA,38,1.562478,2.809456,
One Codex,400(V4-V5),No,MC,50000,family,SILVA,35,1.541551,3.205273,
One Codex,400(V4-V5),No,MC,50000,genus,SILVA,38,1.581374,2.84091,
One Codex,400(V4-V5),No,MC,100000,family,SILVA,35,1.529636,3.171037,
One Codex,400(V4-V5),No,MC,100000,genus,SILVA,38,1.57824,2.833503,
One Codex,400(V4-V5),No,HC,25000,family,SILVA,35,3.345169,22.547344,
One Codex,400(V4-V5),No,HC,25000,genus,SILVA,38,3.487231,28.941541,
One Codex,400(V4-V5),No,HC,50000,family,SILVA,35,3.34686,22.511831,
One Codex,400(V4-V5),No,HC,50000,genus,SILVA,38,3.494579,29.245578,
One Codex,400(V4-V5),No,HC,100000,family,SILVA,35,3.348535,22.498633,
One Codex,400(V4-V5),No,HC,100000,genus,SILVA,38,3.49431,29.320797,
One Codex,200(V3),Yes,LC,25000,family,SILVA,99,3.311602,11.62067,
One Codex,200(V3),Yes,LC,25000,genus,SILVA,187,3.563234,12.413578,
One Codex,200(V3),Yes,LC,50000,family,SILVA,126,3.341486,12.052793,
One Codex,200(V3),Yes,LC,50000,genus,SILVA,243,3.598635,12.835263,
One Codex,200(V3),Yes,LC,100000,family,SILVA,135,3.326568,11.585824,
One Codex,200(V3),Yes,LC,100000,genus,SILVA,306,3.601989,12.401493,
One Codex,200(V3),Yes,MC,25000,family,SILVA,76,2.196618,5.254183,
One Codex,200(V3),Yes,MC,25000,genus,SILVA,120,2.333155,5.474542,
One Codex,200(V3),Yes,MC,50000,family,SILVA,89,2.199869,5.266655,
One Codex,200(V3),Yes,MC,50000,genus,SILVA,164,2.336799,5.476358,
One Codex,200(V3),Yes,MC,100000,family,SILVA,101,2.193138,5.255143,
One Codex,200(V3),Yes,MC,100000,genus,SILVA,189,2.331421,5.467286,
One Codex,200(V3),Yes,HC,25000,family,SILVA,108,3.794893,33.128565,
One Codex,200(V3),Yes,HC,25000,genus,SILVA,214,4.121643,40.172699,
One Codex,200(V3),Yes,HC,50000,family,SILVA,127,3.786913,31.944768,
One Codex,200(V3),Yes,HC,50000,genus,SILVA,260,4.12442,38.892411,
One Codex,200(V3),Yes,HC,100000,family,SILVA,146,3.7894,32.209882,
One Codex,200(V3),Yes,HC,100000,genus,SILVA,333,4.136542,39.352119,
One Codex,400(V4-V5),Yes,LC,25000,family,SILVA,96,3.06484,6.837706,
One Codex,400(V4-V5),Yes,LC,25000,genus,SILVA,210,3.762498,14.109424,
One Codex,400(V4-V5),Yes,LC,50000,family,SILVA,114,3.091177,7.048148,
One Codex,400(V4-V5),Yes,LC,50000,genus,SILVA,249,3.777928,14.182922,
One Codex,400(V4-V5),Yes,LC,100000,family,SILVA,129,3.074785,6.867884,
One Codex,400(V4-V5),Yes,LC,100000,genus,SILVA,335,3.7817,13.867816,
One Codex,400(V4-V5),Yes,MC,25000,family,SILVA,76,1.972855,3.915776,
One Codex,400(V4-V5),Yes,MC,25000,genus,SILVA,138,2.339526,5.119642,
One Codex,400(V4-V5),Yes,MC,50000,family,SILVA,85,1.990179,3.964488,
One Codex,400(V4-V5),Yes,MC,50000,genus,SILVA,176,2.362211,5.148413,
One Codex,400(V4-V5),Yes,MC,100000,family,SILVA,101,1.979631,3.914442,
One Codex,400(V4-V5),Yes,MC,100000,genus,SILVA,225,2.365657,5.140969,
One Codex,400(V4-V5),Yes,HC,25000,family,SILVA,104,3.760373,31.522989,
One Codex,400(V4-V5),Yes,HC,25000,genus,SILVA,233,4.253846,47.522918,
One Codex,400(V4-V5),Yes,HC,50000,family,SILVA,119,3.764677,31.491815,
One Codex,400(V4-V5),Yes,HC,50000,genus,SILVA,278,4.275912,48.056622,
One Codex,400(V4-V5),Yes,HC,100000,family,SILVA,132,3.763201,31.423486,
One Codex,400(V4-V5),Yes,HC,100000,genus,SILVA,375,4.292248,48.263367,
One Codex,real,,,,family,SILVA,136,2.814744,9.13875,
One Codex,real,,,,genus,SILVA,265,2.910511,7.295338,
QIIME UCLUST,200(V3),No,LC,25000,family,Greengenes,54,3.073268,7.513674,
QIIME UCLUST,200(V3),No,LC,25000,genus,Greengenes,65,3.216243,7.887524,
QIIME UCLUST,200(V3),No,LC,50000,family,Greengenes,52,3.040993,7.465828,
QIIME UCLUST,200(V3),No,LC,50000,genus,Greengenes,65,3.206556,7.840602,
QIIME UCLUST,200(V3),No,LC,100000,family,Greengenes,53,3.047453,7.391911,
QIIME UCLUST,200(V3),No,LC,100000,genus,Greengenes,65,3.206248,7.768491,
QIIME UCLUST,200(V3),No,MC,25000,family,Greengenes,53,1.994478,3.985128,
QIIME UCLUST,200(V3),No,MC,25000,genus,Greengenes,68,2.317869,5.955347,
QIIME UCLUST,200(V3),No,MC,50000,family,Greengenes,53,2.00095,3.985687,
QIIME UCLUST,200(V3),No,MC,50000,genus,Greengenes,67,2.325608,5.988048,
QIIME UCLUST,200(V3),No,MC,100000,family,Greengenes,53,1.985266,3.949002,
QIIME UCLUST,200(V3),No,MC,100000,genus,Greengenes,67,2.309738,5.93266,
QIIME UCLUST,200(V3),No,HC,25000,family,Greengenes,53,3.697824,30.494678,
QIIME UCLUST,200(V3),No,HC,25000,genus,Greengenes,67,3.939502,37.018734,
QIIME UCLUST,200(V3),No,HC,50000,family,Greengenes,55,3.720346,30.452995,
QIIME UCLUST,200(V3),No,HC,50000,genus,Greengenes,68,3.932504,36.073031,
QIIME UCLUST,200(V3),No,HC,100000,family,Greengenes,54,3.713928,30.723098,
QIIME UCLUST,200(V3),No,HC,100000,genus,Greengenes,67,3.927332,36.477064,
QIIME UCLUST,400(V4-V5),No,LC,25000,family,Greengenes,54,3.086436,7.581437,
QIIME UCLUST,400(V4-V5),No,LC,25000,genus,Greengenes,66,3.282053,8.659781,
QIIME UCLUST,400(V4-V5),No,LC,50000,family,Greengenes,54,3.097644,7.757328,
QIIME UCLUST,400(V4-V5),No,LC,50000,genus,Greengenes,67,3.320482,8.959584,
QIIME UCLUST,400(V4-V5),No,LC,100000,family,Greengenes,54,3.083992,7.592844,
QIIME UCLUST,400(V4-V5),No,LC,100000,genus,Greengenes,66,3.287402,8.699334,
QIIME UCLUST,400(V4-V5),No,MC,25000,family,Greengenes,54,2.002856,3.978271,
QIIME UCLUST,400(V4-V5),No,MC,25000,genus,Greengenes,66,2.319573,5.990336,
QIIME UCLUST,400(V4-V5),No,MC,50000,family,Greengenes,54,2.014701,4.016497,
QIIME UCLUST,400(V4-V5),No,MC,50000,genus,Greengenes,66,2.333626,6.025155,
QIIME UCLUST,400(V4-V5),No,MC,100000,family,Greengenes,54,2.009151,3.981513,
QIIME UCLUST,400(V4-V5),No,MC,100000,genus,Greengenes,67,2.330921,6.008542,
QIIME UCLUST,400(V4-V5),No,HC,25000,family,Greengenes,54,3.710813,30.033354,
QIIME UCLUST,400(V4-V5),No,HC,25000,genus,Greengenes,68,3.959649,37.452906,
QIIME UCLUST,400(V4-V5),No,HC,50000,family,Greengenes,54,3.705265,29.741128,
QIIME UCLUST,400(V4-V5),No,HC,50000,genus,Greengenes,66,3.928235,36.377526,
QIIME UCLUST,400(V4-V5),No,HC,100000,family,Greengenes,54,3.707195,29.701228,
QIIME UCLUST,400(V4-V5),No,HC,100000,genus,Greengenes,65,3.904494,35.528276,
QIIME UCLUST,200(V3),Yes,LC,25000,family,Greengenes,66,3.066059,7.239153,
QIIME UCLUST,200(V3),Yes,LC,25000,genus,Greengenes,96,3.48547,13.073607,
QIIME UCLUST,200(V3),Yes,LC,50000,family,Greengenes,69,3.125887,7.808029,
QIIME UCLUST,200(V3),Yes,LC,50000,genus,Greengenes,98,3.533494,13.080239,
QIIME UCLUST,200(V3),Yes,LC,100000,family,Greengenes,70,3.110567,7.42275,
QIIME UCLUST,200(V3),Yes,LC,100000,genus,Greengenes,105,3.543892,13.895255,
QIIME UCLUST,200(V3),Yes,MC,25000,family,Greengenes,63,1.984048,3.935774,
QIIME UCLUST,200(V3),Yes,MC,25000,genus,Greengenes,83,2.335675,5.585477,
QIIME UCLUST,200(V3),Yes,MC,50000,family,Greengenes,66,1.994786,3.948776,
QIIME UCLUST,200(V3),Yes,MC,50000,genus,Greengenes,92,2.365986,5.622828,
QIIME UCLUST,200(V3),Yes,MC,100000,family,Greengenes,69,1.983198,3.926066,
QIIME UCLUST,200(V3),Yes,MC,100000,genus,Greengenes,97,2.340659,5.603485,
QIIME UCLUST,200(V3),Yes,HC,25000,family,Greengenes,64,3.795851,32.96077,
QIIME UCLUST,200(V3),Yes,HC,25000,genus,Greengenes,95,4.061503,39.737347,
QIIME UCLUST,200(V3),Yes,HC,50000,family,Greengenes,72,3.732548,30.107847,
QIIME UCLUST,200(V3),Yes,HC,50000,genus,Greengenes,109,4.00906,36.057695,
QIIME UCLUST,200(V3),Yes,HC,100000,family,Greengenes,76,3.774225,31.76775,
QIIME UCLUST,200(V3),Yes,HC,100000,genus,Greengenes,113,4.0649,39.965065,
QIIME UCLUST,400(V4-V5),Yes,LC,25000,family,Greengenes,55,3.063485,7.3807,
QIIME UCLUST,400(V4-V5),Yes,LC,25000,genus,Greengenes,86,3.580959,15.918748,
QIIME UCLUST,400(V4-V5),Yes,LC,50000,family,Greengenes,56,3.075513,7.605092,
QIIME UCLUST,400(V4-V5),Yes,LC,50000,genus,Greengenes,93,3.525998,12.566857,
QIIME UCLUST,400(V4-V5),Yes,LC,100000,family,Greengenes,60,3.066742,7.439462,
QIIME UCLUST,400(V4-V5),Yes,LC,100000,genus,Greengenes,100,3.627861,18.070448,
QIIME UCLUST,400(V4-V5),Yes,MC,25000,family,Greengenes,56,1.957689,3.908385,
QIIME UCLUST,400(V4-V5),Yes,MC,25000,genus,Greengenes,84,2.418749,6.450544,
QIIME UCLUST,400(V4-V5),Yes,MC,50000,family,Greengenes,54,1.968665,3.937967,
QIIME UCLUST,400(V4-V5),Yes,MC,50000,genus,Greengenes,86,2.419762,6.430797,
QIIME UCLUST,400(V4-V5),Yes,MC,100000,family,Greengenes,58,1.987256,3.966131,
QIIME UCLUST,400(V4-V5),Yes,MC,100000,genus,Greengenes,94,2.445561,6.509601,
QIIME UCLUST,400(V4-V5),Yes,HC,25000,family,Greengenes,54,3.707146,30.453122,
QIIME UCLUST,400(V4-V5),Yes,HC,25000,genus,Greengenes,85,4.023386,38.178474,
QIIME UCLUST,400(V4-V5),Yes,HC,50000,family,Greengenes,57,3.697669,30.009819,
QIIME UCLUST,400(V4-V5),Yes,HC,50000,genus,Greengenes,98,4.02722,37.972061,
QIIME UCLUST,400(V4-V5),Yes,HC,100000,family,Greengenes,62,3.709661,29.976091,
QIIME UCLUST,400(V4-V5),Yes,HC,100000,genus,Greengenes,99,4.030674,36.624553,
QIIME UCLUST,real,,,,family,Greengenes,102,2.039552,5.399457,
QIIME UCLUST,real,,,,genus,Greengenes,153,2.613467,8.722764,
QIIME UCLUST,200(V3),No,LC,25000,family,SILVA,58,3.089944,7.47938,
QIIME UCLUST,200(V3),No,LC,25000,genus,SILVA,77,3.265004,7.849478,
QIIME UCLUST,200(V3),No,LC,50000,family,SILVA,57,3.085009,7.485658,
QIIME UCLUST,200(V3),No,LC,50000,genus,SILVA,76,3.26125,7.845373,
QIIME UCLUST,200(V3),No,LC,100000,family,SILVA,57,3.083286,7.409603,
QIIME UCLUST,200(V3),No,LC,100000,genus,SILVA,78,3.280318,7.788191,
QIIME UCLUST,200(V3),No,MC,25000,family,SILVA,58,1.998487,3.972672,
QIIME UCLUST,200(V3),No,MC,25000,genus,SILVA,75,2.318788,5.926382,
QIIME UCLUST,200(V3),No,MC,50000,family,SILVA,57,2.007876,3.985126,
QIIME UCLUST,200(V3),No,MC,50000,genus,SILVA,77,2.337064,5.986224,
QIIME UCLUST,200(V3),No,MC,100000,family,SILVA,57,1.993853,3.94871,
QIIME UCLUST,200(V3),No,MC,100000,genus,SILVA,79,2.327837,5.932061,
QIIME UCLUST,200(V3),No,HC,25000,family,SILVA,59,3.764113,30.407626,
QIIME UCLUST,200(V3),No,HC,25000,genus,SILVA,77,3.99227,35.387142,
QIIME UCLUST,200(V3),No,HC,50000,family,SILVA,58,3.744341,29.75425,
QIIME UCLUST,200(V3),No,HC,50000,genus,SILVA,78,3.992707,34.795008,
QIIME UCLUST,200(V3),No,HC,100000,family,SILVA,57,3.732256,29.756862,
QIIME UCLUST,200(V3),No,HC,100000,genus,SILVA,75,3.937814,33.062875,
QIIME UCLUST,400(V4-V5),No,LC,25000,family,SILVA,56,3.097802,7.586086,
QIIME UCLUST,400(V4-V5),No,LC,25000,genus,SILVA,75,3.569639,15.703655,
QIIME UCLUST,400(V4-V5),No,LC,50000,family,SILVA,56,3.108777,7.76189,
QIIME UCLUST,400(V4-V5),No,LC,50000,genus,SILVA,74,3.582886,16.520281,
QIIME UCLUST,400(V4-V5),No,LC,100000,family,SILVA,56,3.094064,7.595553,
QIIME UCLUST,400(V4-V5),No,LC,100000,genus,SILVA,75,3.565967,15.703576,
QIIME UCLUST,400(V4-V5),No,MC,25000,family,SILVA,56,2.00574,3.978333,
QIIME UCLUST,400(V4-V5),No,MC,25000,genus,SILVA,75,2.482033,6.854239,
QIIME UCLUST,400(V4-V5),No,MC,50000,family,SILVA,56,2.010195,4.004655,
QIIME UCLUST,400(V4-V5),No,MC,50000,genus,SILVA,74,2.483874,6.867735,
QIIME UCLUST,400(V4-V5),No,MC,100000,family,SILVA,56,2.002904,3.968223,
QIIME UCLUST,400(V4-V5),No,MC,100000,genus,SILVA,74,2.478715,6.840664,
QIIME UCLUST,400(V4-V5),No,HC,25000,family,SILVA,56,3.726801,30.166494,
QIIME UCLUST,400(V4-V5),No,HC,25000,genus,SILVA,75,4.022893,37.839759,
QIIME UCLUST,400(V4-V5),No,HC,50000,family,SILVA,56,3.723651,29.938587,
QIIME UCLUST,400(V4-V5),No,HC,50000,genus,SILVA,75,4.027979,37.970251,
QIIME UCLUST,400(V4-V5),No,HC,100000,family,SILVA,56,3.723053,29.827302,
QIIME UCLUST,400(V4-V5),No,HC,100000,genus,SILVA,75,4.020159,37.39121,
QIIME UCLUST,200(V3),Yes,LC,25000,family,SILVA,95,3.057984,7.042987,
QIIME UCLUST,200(V3),Yes,LC,25000,genus,SILVA,253,4.075547,31.677239,
QIIME UCLUST,200(V3),Yes,LC,50000,family,SILVA,130,3.347195,10.648309,
QIIME UCLUST,200(V3),Yes,LC,50000,genus,SILVA,317,4.231066,37.074807,
QIIME UCLUST,200(V3),Yes,LC,100000,family,SILVA,141,3.345993,10.798844,
QIIME UCLUST,200(V3),Yes,LC,100000,genus,SILVA,416,4.226521,35.820142,
QIIME UCLUST,200(V3),Yes,MC,25000,family,SILVA,73,2.032112,4.146786,
QIIME UCLUST,200(V3),Yes,MC,25000,genus,SILVA,140,2.88435,8.92165,
QIIME UCLUST,200(V3),Yes,MC,50000,family,SILVA,82,2.204183,4.846059,
QIIME UCLUST,200(V3),Yes,MC,50000,genus,SILVA,180,2.95084,9.134108,
QIIME UCLUST,200(V3),Yes,MC,100000,family,SILVA,87,1.999276,3.971412,
QIIME UCLUST,200(V3),Yes,MC,100000,genus,SILVA,206,2.768943,7.901037,
QIIME UCLUST,200(V3),Yes,HC,25000,family,SILVA,107,3.772718,29.071591,
QIIME UCLUST,200(V3),Yes,HC,25000,genus,SILVA,256,4.273708,38.185165,
QIIME UCLUST,200(V3),Yes,HC,50000,family,SILVA,135,3.802546,29.308703,
QIIME UCLUST,200(V3),Yes,HC,50000,genus,SILVA,357,4.258506,37.053463,
QIIME UCLUST,200(V3),Yes,HC,100000,family,SILVA,175,3.82284,29.745705,
QIIME UCLUST,200(V3),Yes,HC,100000,genus,SILVA,490,4.366192,40.363667,
QIIME UCLUST,400(V4-V5),Yes,LC,25000,family,SILVA,73,3.105634,7.280552,
QIIME UCLUST,400(V4-V5),Yes,LC,25000,genus,SILVA,203,4.113086,27.027462,
QIIME UCLUST,400(V4-V5),Yes,LC,50000,family,SILVA,87,3.110795,7.451117,
QIIME UCLUST,400(V4-V5),Yes,LC,50000,genus,SILVA,271,3.903458,17.985006,
QIIME UCLUST,400(V4-V5),Yes,LC,100000,family,SILVA,89,3.09173,7.267894,
QIIME UCLUST,400(V4-V5),Yes,LC,100000,genus,SILVA,320,4.063949,26.878942,
QIIME UCLUST,400(V4-V5),Yes,MC,25000,family,SILVA,66,1.955024,3.873392,
QIIME UCLUST,400(V4-V5),Yes,MC,25000,genus,SILVA,137,2.624053,6.873661,
QIIME UCLUST,400(V4-V5),Yes,MC,50000,family,SILVA,70,1.975712,3.915331,
QIIME UCLUST,400(V4-V5),Yes,MC,50000,genus,SILVA,174,2.568134,6.044387,
QIIME UCLUST,400(V4-V5),Yes,MC,100000,family,SILVA,82,1.985567,3.912129,
QIIME UCLUST,400(V4-V5),Yes,MC,100000,genus,SILVA,221,2.618029,6.585984,
QIIME UCLUST,400(V4-V5),Yes,HC,25000,family,SILVA,76,3.787125,31.387784,
QIIME UCLUST,400(V4-V5),Yes,HC,25000,genus,SILVA,185,4.210934,41.276081,
QIIME UCLUST,400(V4-V5),Yes,HC,50000,family,SILVA,84,3.772941,30.713452,
QIIME UCLUST,400(V4-V5),Yes,HC,50000,genus,SILVA,253,4.207483,39.612376,
QIIME UCLUST,400(V4-V5),Yes,HC,100000,family,SILVA,91,3.765827,30.216449,
QIIME UCLUST,400(V4-V5),Yes,HC,100000,genus,SILVA,314,4.215493,39.371228,
QIIME UCLUST,real,,,,family,SILVA,120,1.779061,3.576207,
QIIME UCLUST,real,,,,genus,SILVA,325,3.161758,13.524137,
QIIME SortMeRna SUMACLUST,200(V3),No,LC,25000,family,Greengenes,53,3.064939,7.508469,
QIIME SortMeRna SUMACLUST,200(V3),No,LC,25000,genus,Greengenes,63,3.213156,7.890551,
QIIME SortMeRna SUMACLUST,200(V3),No,LC,50000,family,Greengenes,53,3.054565,7.475855,
QIIME SortMeRna SUMACLUST,200(V3),No,LC,50000,genus,Greengenes,64,3.273968,8.730641,
QIIME SortMeRna SUMACLUST,200(V3),No,LC,100000,family,Greengenes,52,3.041882,7.391528,
QIIME SortMeRna SUMACLUST,200(V3),No,LC,100000,genus,Greengenes,62,3.189407,7.759102,
QIIME SortMeRna SUMACLUST,200(V3),No,MC,25000,family,Greengenes,52,1.992111,3.985003,
QIIME SortMeRna SUMACLUST,200(V3),No,MC,25000,genus,Greengenes,66,2.315477,5.955096,
QIIME SortMeRna SUMACLUST,200(V3),No,MC,50000,family,Greengenes,53,2.001922,3.98579,
QIIME SortMeRna SUMACLUST,200(V3),No,MC,50000,genus,Greengenes,65,2.323641,5.989296,
QIIME SortMeRna SUMACLUST,200(V3),No,MC,100000,family,Greengenes,53,1.98292,3.94817,
QIIME SortMeRna SUMACLUST,200(V3),No,MC,100000,genus,Greengenes,63,2.301085,5.932523,
QIIME SortMeRna SUMACLUST,200(V3),No,HC,25000,family,Greengenes,53,3.70342,30.658079,
QIIME SortMeRna SUMACLUST,200(V3),No,HC,25000,genus,Greengenes,65,3.933343,37.755613,
QIIME SortMeRna SUMACLUST,200(V3),No,HC,50000,family,Greengenes,54,3.707983,30.27796,
QIIME SortMeRna SUMACLUST,200(V3),No,HC,50000,genus,Greengenes,67,3.943681,36.32118,
QIIME SortMeRna SUMACLUST,200(V3),No,HC,100000,family,Greengenes,52,3.67001,29.076274,
QIIME SortMeRna SUMACLUST,200(V3),No,HC,100000,genus,Greengenes,62,3.883097,35.229438,
QIIME SortMeRna SUMACLUST,400(V4-V5),No,LC,25000,family,Greengenes,53,3.073374,7.571232,
QIIME SortMeRna SUMACLUST,400(V4-V5),No,LC,25000,genus,Greengenes,62,3.250262,8.503323,
QIIME SortMeRna SUMACLUST,400(V4-V5),No,LC,50000,family,Greengenes,53,3.083502,7.744817,
QIIME SortMeRna SUMACLUST,400(V4-V5),No,LC,50000,genus,Greengenes,64,3.290648,8.781111,
QIIME SortMeRna SUMACLUST,400(V4-V5),No,LC,100000,family,Greengenes,53,3.069507,7.580276,
QIIME SortMeRna SUMACLUST,400(V4-V5),No,LC,100000,genus,Greengenes,63,3.260246,8.538244,
QIIME SortMeRna SUMACLUST,400(V4-V5),No,MC,25000,family,Greengenes,53,1.998779,3.977997,
QIIME SortMeRna SUMACLUST,400(V4-V5),No,MC,25000,genus,Greengenes,63,2.321406,6.013411,
QIIME SortMeRna SUMACLUST,400(V4-V5),No,MC,50000,family,Greengenes,53,2.01093,4.016258,
QIIME SortMeRna SUMACLUST,400(V4-V5),No,MC,50000,genus,Greengenes,63,2.327037,6.024437,
QIIME SortMeRna SUMACLUST,400(V4-V5),No,MC,100000,family,Greengenes,53,2.005096,3.981241,
QIIME SortMeRna SUMACLUST,400(V4-V5),No,MC,100000,genus,Greengenes,64,2.334189,6.035378,
QIIME SortMeRna SUMACLUST,400(V4-V5),No,HC,25000,family,Greengenes,53,3.691677,29.692966,
QIIME SortMeRna SUMACLUST,400(V4-V5),No,HC,25000,genus,Greengenes,63,3.900629,35.920056,
QIIME SortMeRna SUMACLUST,400(V4-V5),No,HC,50000,family,Greengenes,53,3.685787,29.395774,
QIIME SortMeRna SUMACLUST,400(V4-V5),No,HC,50000,genus,Greengenes,63,3.897301,35.55739,
QIIME SortMeRna SUMACLUST,400(V4-V5),No,HC,100000,family,Greengenes,53,3.687533,29.350401,
QIIME SortMeRna SUMACLUST,400(V4-V5),No,HC,100000,genus,Greengenes,62,3.878233,34.966171,
QIIME SortMeRna SUMACLUST,200(V3),Yes,LC,25000,family,Greengenes,65,3.276505,10.781724,
QIIME SortMeRna SUMACLUST,200(V3),Yes,LC,25000,genus,Greengenes,91,3.527002,11.560954,
QIIME SortMeRna SUMACLUST,200(V3),Yes,LC,50000,family,Greengenes,67,3.084646,7.426689,
QIIME SortMeRna SUMACLUST,200(V3),Yes,LC,50000,genus,Greengenes,95,3.32003,8.035341,
QIIME SortMeRna SUMACLUST,200(V3),Yes,LC,100000,family,Greengenes,70,3.176052,8.391292,
QIIME SortMeRna SUMACLUST,200(V3),Yes,LC,100000,genus,Greengenes,100,3.488637,10.764147,
QIIME SortMeRna SUMACLUST,200(V3),Yes,MC,25000,family,Greengenes,59,1.995193,3.952665,
QIIME SortMeRna SUMACLUST,200(V3),Yes,MC,25000,genus,Greengenes,79,2.404808,6.284853,
QIIME SortMeRna SUMACLUST,200(V3),Yes,MC,50000,family,Greengenes,60,1.997154,3.968816,
QIIME SortMeRna SUMACLUST,200(V3),Yes,MC,50000,genus,Greengenes,84,2.399864,6.232073,
QIIME SortMeRna SUMACLUST,200(V3),Yes,MC,100000,family,Greengenes,63,1.98521,3.934133,
QIIME SortMeRna SUMACLUST,200(V3),Yes,MC,100000,genus,Greengenes,87,2.320855,5.920768,
QIIME SortMeRna SUMACLUST,200(V3),Yes,HC,25000,family,Greengenes,68,3.775299,32.209503,
QIIME SortMeRna SUMACLUST,200(V3),Yes,HC,25000,genus,Greengenes,102,4.037653,38.805552,
QIIME SortMeRna SUMACLUST,200(V3),Yes,HC,50000,family,Greengenes,68,3.705357,29.72522,
QIIME SortMeRna SUMACLUST,200(V3),Yes,HC,50000,genus,Greengenes,99,4.02052,37.22102,
QIIME SortMeRna SUMACLUST,200(V3),Yes,HC,100000,family,Greengenes,74,3.773542,32.246402,
QIIME SortMeRna SUMACLUST,200(V3),Yes,HC,100000,genus,Greengenes,108,4.034915,39.342362,
QIIME SortMeRna SUMACLUST,400(V4-V5),Yes,LC,25000,family,Greengenes,54,3.058685,7.364567,
QIIME SortMeRna SUMACLUST,400(V4-V5),Yes,LC,25000,genus,Greengenes,79,3.587474,18.809144,
QIIME SortMeRna SUMACLUST,400(V4-V5),Yes,LC,50000,family,Greengenes,54,3.074034,7.554532,
QIIME SortMeRna SUMACLUST,400(V4-V5),Yes,LC,50000,genus,Greengenes,82,3.281735,7.998245,
QIIME SortMeRna SUMACLUST,400(V4-V5),Yes,LC,100000,family,Greengenes,57,3.063532,7.409799,
QIIME SortMeRna SUMACLUST,400(V4-V5),Yes,LC,100000,genus,Greengenes,89,3.433504,10.940618,
QIIME SortMeRna SUMACLUST,400(V4-V5),Yes,MC,25000,family,Greengenes,55,1.975199,3.925386,
QIIME SortMeRna SUMACLUST,400(V4-V5),Yes,MC,25000,genus,Greengenes,78,2.364841,5.956558,
QIIME SortMeRna SUMACLUST,400(V4-V5),Yes,MC,50000,family,Greengenes,55,1.988626,3.963538,
QIIME SortMeRna SUMACLUST,400(V4-V5),Yes,MC,50000,genus,Greengenes,83,2.271447,4.668412,
QIIME SortMeRna SUMACLUST,400(V4-V5),Yes,MC,100000,family,Greengenes,55,1.987472,3.941061,
QIIME SortMeRna SUMACLUST,400(V4-V5),Yes,MC,100000,genus,Greengenes,86,2.489875,7.017678,
QIIME SortMeRna SUMACLUST,400(V4-V5),Yes,HC,25000,family,Greengenes,56,3.690012,29.455575,
QIIME SortMeRna SUMACLUST,400(V4-V5),Yes,HC,25000,genus,Greengenes,82,3.984476,37.034374,
QIIME SortMeRna SUMACLUST,400(V4-V5),Yes,HC,50000,family,Greengenes,53,3.680772,29.119611,
QIIME SortMeRna SUMACLUST,400(V4-V5),Yes,HC,50000,genus,Greengenes,81,3.976868,36.636007,
QIIME SortMeRna SUMACLUST,400(V4-V5),Yes,HC,100000,family,Greengenes,58,3.68457,29.085984,
QIIME SortMeRna SUMACLUST,400(V4-V5),Yes,HC,100000,genus,Greengenes,92,3.979991,36.750124,
QIIME SortMeRna SUMACLUST,real,,,,family,Greengenes,53,1.911194,4.613193,
QIIME SortMeRna SUMACLUST,real,,,,genus,Greengenes,91,2.558652,7.716559,
QIIME SortMeRna SUMACLUST,200(V3),No,LC,25000,family,SILVA,58,3.108889,7.515491,
QIIME SortMeRna SUMACLUST,200(V3),No,LC,25000,genus,SILVA,68,3.309107,8.79273,
QIIME SortMeRna SUMACLUST,200(V3),No,LC,50000,family,SILVA,56,3.088106,7.503662,
QIIME SortMeRna SUMACLUST,200(V3),No,LC,50000,genus,SILVA,66,3.285193,8.734612,
QIIME SortMeRna SUMACLUST,200(V3),No,LC,100000,family,SILVA,58,3.090541,7.206271,
QIIME SortMeRna SUMACLUST,200(V3),No,LC,100000,genus,SILVA,68,3.304809,8.681284,
QIIME SortMeRna SUMACLUST,200(V3),No,MC,25000,family,SILVA,57,1.995642,3.959296,
QIIME SortMeRna SUMACLUST,200(V3),No,MC,25000,genus,SILVA,66,2.306819,5.929473,
QIIME SortMeRna SUMACLUST,200(V3),No,MC,50000,family,SILVA,57,2.009871,3.985334,
QIIME SortMeRna SUMACLUST,200(V3),No,MC,50000,genus,SILVA,68,2.328361,5.987619,
QIIME SortMeRna SUMACLUST,200(V3),No,MC,100000,family,SILVA,55,1.978091,3.925198,
QIIME SortMeRna SUMACLUST,200(V3),No,MC,100000,genus,SILVA,67,2.297872,5.905832,
QIIME SortMeRna SUMACLUST,200(V3),No,HC,25000,family,SILVA,58,3.769006,31.583676,
QIIME SortMeRna SUMACLUST,200(V3),No,HC,25000,genus,SILVA,68,3.965698,37.945354,
QIIME SortMeRna SUMACLUST,200(V3),No,HC,50000,family,SILVA,56,3.721587,29.153318,
QIIME SortMeRna SUMACLUST,200(V3),No,HC,50000,genus,SILVA,69,3.955536,35.846893,
QIIME SortMeRna SUMACLUST,200(V3),No,HC,100000,family,SILVA,56,3.72248,29.834872,
QIIME SortMeRna SUMACLUST,200(V3),No,HC,100000,genus,SILVA,66,3.914136,35.394033,
QIIME SortMeRna SUMACLUST,400(V4-V5),No,LC,25000,family,SILVA,55,3.094677,7.585829,
QIIME SortMeRna SUMACLUST,400(V4-V5),No,LC,25000,genus,SILVA,69,3.352006,9.187574,
QIIME SortMeRna SUMACLUST,400(V4-V5),No,LC,50000,family,SILVA,55,3.098742,7.745929,
QIIME SortMeRna SUMACLUST,400(V4-V5),No,LC,50000,genus,SILVA,67,3.343087,9.428447,
QIIME SortMeRna SUMACLUST,400(V4-V5),No,LC,100000,family,SILVA,55,3.084214,7.58046,
QIIME SortMeRna SUMACLUST,400(V4-V5),No,LC,100000,genus,SILVA,69,3.364604,9.222972,
QIIME SortMeRna SUMACLUST,400(V4-V5),No,MC,25000,family,SILVA,55,2.003065,3.977991,
QIIME SortMeRna SUMACLUST,400(V4-V5),No,MC,25000,genus,SILVA,68,2.345084,6.045582,
QIIME SortMeRna SUMACLUST,400(V4-V5),No,MC,50000,family,SILVA,55,2.015125,4.016254,
QIIME SortMeRna SUMACLUST,400(V4-V5),No,MC,50000,genus,SILVA,69,2.362537,6.090532,
QIIME SortMeRna SUMACLUST,400(V4-V5),No,MC,100000,family,SILVA,55,2.008793,3.981163,
QIIME SortMeRna SUMACLUST,400(V4-V5),No,MC,100000,genus,SILVA,67,2.333129,6.007613,
QIIME SortMeRna SUMACLUST,400(V4-V5),No,HC,25000,family,SILVA,55,3.72301,30.171766,
QIIME SortMeRna SUMACLUST,400(V4-V5),No,HC,25000,genus,SILVA,69,3.983309,37.606325,
QIIME SortMeRna SUMACLUST,400(V4-V5),No,HC,50000,family,SILVA,55,3.719253,29.935496,
QIIME SortMeRna SUMACLUST,400(V4-V5),No,HC,50000,genus,SILVA,68,3.946638,35.694064,
QIIME SortMeRna SUMACLUST,400(V4-V5),No,HC,100000,family,SILVA,55,3.70794,29.327801,
QIIME SortMeRna SUMACLUST,400(V4-V5),No,HC,100000,genus,SILVA,67,3.937971,35.473034,
QIIME SortMeRna SUMACLUST,200(V3),Yes,LC,25000,family,SILVA,87,3.14596,7.650086,
QIIME SortMeRna SUMACLUST,200(V3),Yes,LC,25000,genus,SILVA,179,3.729958,13.908745,
QIIME SortMeRna SUMACLUST,200(V3),Yes,LC,50000,family,SILVA,100,3.144712,7.56737,
QIIME SortMeRna SUMACLUST,200(V3),Yes,LC,50000,genus,SILVA,212,3.815819,15.809184,
QIIME SortMeRna SUMACLUST,200(V3),Yes,LC,100000,family,SILVA,106,3.140905,7.872267,
QIIME SortMeRna SUMACLUST,200(V3),Yes,LC,100000,genus,SILVA,256,3.718153,15.097197,
QIIME SortMeRna SUMACLUST,200(V3),Yes,MC,25000,family,SILVA,72,2.02492,4.034251,
QIIME SortMeRna SUMACLUST,200(V3),Yes,MC,25000,genus,SILVA,124,2.599296,7.339831,
QIIME SortMeRna SUMACLUST,200(V3),Yes,MC,50000,family,SILVA,66,2.034576,4.061699,
QIIME SortMeRna SUMACLUST,200(V3),Yes,MC,50000,genus,SILVA,127,2.526398,6.623187,
QIIME SortMeRna SUMACLUST,200(V3),Yes,MC,100000,family,SILVA,74,2.031809,4.057469,
QIIME SortMeRna SUMACLUST,200(V3),Yes,MC,100000,genus,SILVA,159,2.265773,4.634356,
QIIME SortMeRna SUMACLUST,200(V3),Yes,HC,25000,family,SILVA,105,3.813477,31.439954,
QIIME SortMeRna SUMACLUST,200(V3),Yes,HC,25000,genus,SILVA,209,4.181558,37.591654,
QIIME SortMeRna SUMACLUST,200(V3),Yes,HC,50000,family,SILVA,102,3.792066,30.310248,
QIIME SortMeRna SUMACLUST,200(V3),Yes,HC,50000,genus,SILVA,233,4.181714,36.977969,
QIIME SortMeRna SUMACLUST,200(V3),Yes,HC,100000,family,SILVA,123,3.799778,30.237798,
QIIME SortMeRna SUMACLUST,200(V3),Yes,HC,100000,genus,SILVA,271,4.14536,36.744719,
QIIME SortMeRna SUMACLUST,400(V4-V5),Yes,LC,25000,family,SILVA,63,3.087942,7.371476,
QIIME SortMeRna SUMACLUST,400(V4-V5),Yes,LC,25000,genus,SILVA,127,3.450609,9.588549,
QIIME SortMeRna SUMACLUST,400(V4-V5),Yes,LC,50000,family,SILVA,70,3.104499,7.583621,
QIIME SortMeRna SUMACLUST,400(V4-V5),Yes,LC,50000,genus,SILVA,154,3.524285,10.619444,
QIIME SortMeRna SUMACLUST,400(V4-V5),Yes,LC,100000,family,SILVA,76,3.107434,7.435378,
QIIME SortMeRna SUMACLUST,400(V4-V5),Yes,LC,100000,genus,SILVA,187,3.564125,10.417078,
QIIME SortMeRna SUMACLUST,400(V4-V5),Yes,MC,25000,family,SILVA,65,1.988187,3.92023,
QIIME SortMeRna SUMACLUST,400(V4-V5),Yes,MC,25000,genus,SILVA,109,2.144994,4.161103,
QIIME SortMeRna SUMACLUST,400(V4-V5),Yes,MC,50000,family,SILVA,62,1.995465,3.961724,
QIIME SortMeRna SUMACLUST,400(V4-V5),Yes,MC,50000,genus,SILVA,131,2.576757,7.102837,
QIIME SortMeRna SUMACLUST,400(V4-V5),Yes,MC,100000,family,SILVA,66,1.996921,3.939294,
QIIME SortMeRna SUMACLUST,400(V4-V5),Yes,MC,100000,genus,SILVA,140,2.493521,6.386864,
QIIME SortMeRna SUMACLUST,400(V4-V5),Yes,HC,25000,family,SILVA,68,3.748479,29.874323,
QIIME SortMeRna SUMACLUST,400(V4-V5),Yes,HC,25000,genus,SILVA,118,4.060105,36.823882,
QIIME SortMeRna SUMACLUST,400(V4-V5),Yes,HC,50000,family,SILVA,67,3.737609,29.523811,
QIIME SortMeRna SUMACLUST,400(V4-V5),Yes,HC,50000,genus,SILVA,133,4.06325,36.998249,
QIIME SortMeRna SUMACLUST,400(V4-V5),Yes,HC,100000,family,SILVA,71,3.757393,30.277554,
QIIME SortMeRna SUMACLUST,400(V4-V5),Yes,HC,100000,genus,SILVA,201,4.084476,35.797196,
QIIME SortMeRna SUMACLUST,real,,,,family,SILVA,76,1.661534,3.485491,
QIIME SortMeRna SUMACLUST,real,,,,genus,SILVA,216,2.969024,10.474961,
CLARK,200(V3),No,LC,25000,family,RefSeq Bacteria,47,3.56074,24.958407,
CLARK,200(V3),No,LC,25000,genus,RefSeq Bacteria,60,3.810796,29.983445,
CLARK,200(V3),No,LC,50000,family,RefSeq Bacteria,47,3.566705,25.199998,
CLARK,200(V3),No,LC,50000,genus,RefSeq Bacteria,60,3.813259,30.071911,
CLARK,200(V3),No,LC,100000,family,RefSeq Bacteria,47,3.575451,25.808193,
CLARK,200(V3),No,LC,100000,genus,RefSeq Bacteria,60,3.827176,31.10848,
CLARK,200(V3),No,MC,25000,family,RefSeq Bacteria,47,2.105102,3.876474,
CLARK,200(V3),No,MC,25000,genus,RefSeq Bacteria,60,2.220993,3.994542,
CLARK,200(V3),No,MC,50000,family,RefSeq Bacteria,47,2.116418,3.916904,
CLARK,200(V3),No,MC,50000,genus,RefSeq Bacteria,60,2.230342,4.028576,
CLARK,200(V3),No,MC,100000,family,RefSeq Bacteria,47,2.100173,3.871502,
CLARK,200(V3),No,MC,100000,genus,RefSeq Bacteria,60,2.212499,3.982084,
CLARK,200(V3),No,HC,25000,family,RefSeq Bacteria,47,3.57512,25.835734,
CLARK,200(V3),No,HC,25000,genus,RefSeq Bacteria,60,3.827793,31.218964,
CLARK,200(V3),No,HC,50000,family,RefSeq Bacteria,47,3.570592,25.535175,
CLARK,200(V3),No,HC,50000,genus,RefSeq Bacteria,60,3.823158,30.790535,
CLARK,200(V3),No,HC,100000,family,RefSeq Bacteria,47,3.57459,25.828279,
CLARK,200(V3),No,HC,100000,genus,RefSeq Bacteria,60,3.828459,31.231298,
CLARK,400(V4-V5),No,LC,25000,family,RefSeq Bacteria,48,2.941325,6.78792,
CLARK,400(V4-V5),No,LC,25000,genus,RefSeq Bacteria,65,3.249084,8.11382,
CLARK,400(V4-V5),No,LC,50000,family,RefSeq Bacteria,48,2.954893,6.968516,
CLARK,400(V4-V5),No,LC,50000,genus,RefSeq Bacteria,65,3.263901,8.359811,
CLARK,400(V4-V5),No,LC,100000,family,RefSeq Bacteria,48,2.938213,6.801836,
CLARK,400(V4-V5),No,LC,100000,genus,RefSeq Bacteria,65,3.244937,8.123589,
CLARK,400(V4-V5),No,MC,25000,family,RefSeq Bacteria,48,1.92347,3.851809,
CLARK,400(V4-V5),No,MC,25000,genus,RefSeq Bacteria,65,2.304858,5.936361,
CLARK,400(V4-V5),No,MC,50000,family,RefSeq Bacteria,48,1.938908,3.893771,
CLARK,400(V4-V5),No,MC,50000,genus,RefSeq Bacteria,65,2.322264,5.989626,
CLARK,400(V4-V5),No,MC,100000,family,RefSeq Bacteria,48,1.930132,3.854907,
CLARK,400(V4-V5),No,MC,100000,genus,RefSeq Bacteria,65,2.318038,5.972976,
CLARK,400(V4-V5),No,HC,25000,family,RefSeq Bacteria,48,3.588418,26.685047,
CLARK,400(V4-V5),No,HC,25000,genus,RefSeq Bacteria,65,3.921835,35.396915,
CLARK,400(V4-V5),No,HC,50000,family,RefSeq Bacteria,48,3.580869,26.377231,
CLARK,400(V4-V5),No,HC,50000,genus,RefSeq Bacteria,65,3.916518,34.954098,
CLARK,400(V4-V5),No,HC,100000,family,RefSeq Bacteria,48,3.581657,26.279337,
CLARK,400(V4-V5),No,HC,100000,genus,RefSeq Bacteria,65,3.91785,34.891273,
CLARK,200(V3),Yes,LC,25000,family,RefSeq Bacteria,68,3.599528,26.008863,
CLARK,200(V3),Yes,LC,25000,genus,RefSeq Bacteria,95,3.904455,32.202579,
CLARK,200(V3),Yes,LC,50000,family,RefSeq Bacteria,73,3.609471,26.26467,
CLARK,200(V3),Yes,LC,50000,genus,RefSeq Bacteria,108,3.910675,32.312471,
CLARK,200(V3),Yes,LC,100000,family,RefSeq Bacteria,87,3.62049,26.866143,
CLARK,200(V3),Yes,LC,100000,genus,RefSeq Bacteria,130,3.929842,33.475327,
CLARK,200(V3),Yes,MC,25000,family,RefSeq Bacteria,63,2.475874,5.285601,
CLARK,200(V3),Yes,MC,25000,genus,RefSeq Bacteria,87,2.629348,5.487488,
CLARK,200(V3),Yes,MC,50000,family,RefSeq Bacteria,64,2.488441,5.408185,
CLARK,200(V3),Yes,MC,50000,genus,RefSeq Bacteria,96,2.639717,5.601557,
CLARK,200(V3),Yes,MC,100000,family,RefSeq Bacteria,72,2.475315,5.317281,
CLARK,200(V3),Yes,MC,100000,genus,RefSeq Bacteria,109,2.627586,5.513232,
CLARK,200(V3),Yes,HC,25000,family,RefSeq Bacteria,68,3.597928,26.415597,
CLARK,200(V3),Yes,HC,25000,genus,RefSeq Bacteria,94,3.886606,32.664202,
CLARK,200(V3),Yes,HC,50000,family,RefSeq Bacteria,78,3.598322,26.261376,
CLARK,200(V3),Yes,HC,50000,genus,RefSeq Bacteria,115,3.892862,32.489633,
CLARK,200(V3),Yes,HC,100000,family,RefSeq Bacteria,88,3.600838,26.421985,
CLARK,200(V3),Yes,HC,100000,genus,RefSeq Bacteria,137,3.895658,32.744906,
CLARK,400(V4-V5),Yes,LC,25000,family,RefSeq Bacteria,62,2.982497,7.075455,
CLARK,400(V4-V5),Yes,LC,25000,genus,RefSeq Bacteria,82,3.288154,8.306737,
CLARK,400(V4-V5),Yes,LC,50000,family,RefSeq Bacteria,64,2.993762,7.255178,
CLARK,400(V4-V5),Yes,LC,50000,genus,RefSeq Bacteria,96,3.30615,8.544934,
CLARK,400(V4-V5),Yes,LC,100000,family,RefSeq Bacteria,80,2.982832,7.115223,
CLARK,400(V4-V5),Yes,LC,100000,genus,RefSeq Bacteria,133,3.297537,8.360551,
CLARK,400(V4-V5),Yes,MC,25000,family,RefSeq Bacteria,54,1.953099,3.918542,
CLARK,400(V4-V5),Yes,MC,25000,genus,RefSeq Bacteria,73,2.329965,6.002668,
CLARK,400(V4-V5),Yes,MC,50000,family,RefSeq Bacteria,63,1.968537,3.95598,
CLARK,400(V4-V5),Yes,MC,50000,genus,RefSeq Bacteria,87,2.349471,6.052291,
CLARK,400(V4-V5),Yes,MC,100000,family,RefSeq Bacteria,67,1.960264,3.919568,
CLARK,400(V4-V5),Yes,MC,100000,genus,RefSeq Bacteria,96,2.34557,6.036501,
CLARK,400(V4-V5),Yes,HC,25000,family,RefSeq Bacteria,60,3.61129,27.387822,
CLARK,400(V4-V5),Yes,HC,25000,genus,RefSeq Bacteria,89,3.958908,35.939274,
CLARK,400(V4-V5),Yes,HC,50000,family,RefSeq Bacteria,74,3.608555,27.051207,
CLARK,400(V4-V5),Yes,HC,50000,genus,RefSeq Bacteria,111,3.960196,35.519811,
CLARK,400(V4-V5),Yes,HC,100000,family,RefSeq Bacteria,89,3.610321,26.932166,
CLARK,400(V4-V5),Yes,HC,100000,genus,RefSeq Bacteria,144,3.965196,35.430499,
CLARK,real,,,,family,RefSeq Bacteria,91,2.497613,6.407796,
CLARK,real,,,,genus,RefSeq Bacteria,145,2.955108,11.013008,
